:020000040800F2
:10000000000002202D420008E33F0008EB3F0008FB
:10001000F33F0008FB3F0008034000080000000019
:100020000000000000000000000000000B4000087D
:100030001940000800000000274000083540000873
:100040007D4200087D4200087D4200087D42000894
:100050007D4200087D4200087D4200087D42000884
:100060007D4200087D4200087D4200087D42000874
:100070007D4200087D4200087D4200087D42000864
:100080007D4200087D420008434000087D42000890
:100090007D4200087D4200087D4200087D42000844
:1000A0007D4200087D4200087D4200087D42000834
:1000B0004F4000087D4200087D4200087D42000854
:1000C0007D4200085D400008A14000087D42000814
:1000D0007D4200087D4200087D4200087D42000804
:1000E0007D4200087D4200087D4200087D420008F4
:1000F0007D4200087D4200087D4200087D420008E4
:100100007D4200087D4200087D4200087D420008D3
:100110007D4200087D4200087D4200087D420008C3
:100120007D4200087D4200087D4200087D420008B3
:100130007D4200087D4200087D4200087D420008A3
:100140007D4200087D4200087D4200087D42000893
:100150007D4200087D4200087D4200087D42000883
:100160007D4200087D4200087D4200087D42000873
:100170007D4200087D4200087D4200087D42000863
:100180007D4200087D4200087D4200087D42000853
:100190007D420008000000007D4200087D4200080A
:1001A0007D4200087D4200087D4200087D42000833
:1001B0007D4200087D4200087D4200087D42000823
:1001C0007D4200087D4200087D4200087D42000813
:0801D0007D4200087D42000899
:1001E00010B5054C237833B9044B13B10448AFF371
:1001F00000800123237010BD2801002000000000B2
:1002000080AB000808B5034B1BB103490348AFF3AB
:10021000008008BD000000002C01002080AB000819
:1002200081F0004102E000BF83F0004330B54FEAA7
:1002300041044FEA430594EA050F08BF90EA020F14
:100240001FBF54EA000C55EA020C7FEA645C7FEAA7
:10025000655C00F0E2804FEA5454D4EB5555B8BFCA
:100260006D420CDD2C4480EA020281EA030382EA3B
:10027000000083EA010180EA020281EA0303362DCD
:1002800088BF30BD11F0004F4FEA01314FF4801CA0
:100290004CEA113102D0404261EB410113F0004FB2
:1002A0004FEA03334CEA133302D0524263EB430369
:1002B00094EA050F00F0A780A4F10104D5F1200E07
:1002C0000DDB02FA0EFC22FA05F2801841F1000162
:1002D00003FA0EF2801843FA05F359410EE0A5F136
:1002E00020050EF1200E012A03FA0EFC28BF4CF067
:1002F000020C43FA05F3C01851EBE37101F000451D
:1003000007D54FF0000EDCF1000C7EEB00006EEB29
:100310000101B1F5801F1BD3B1F5001F0CD34908B3
:100320005FEA30004FEA3C0C04F101044FEA44520A
:1003300012F5800F80F09A80BCF1004F08BF5FEA91
:10034000500C50F1000041EB045141EA050130BD71
:100350005FEA4C0C404141EB0101013C28BFB1F583
:10036000801FE9D291F0000F04BF01460020B1FACE
:1003700081F308BF2033A3F10B03B3F120020CDAA1
:100380000C3208DD02F1140CC2F10C0201FA0CF07F
:1003900021FA02F10CE002F11402D8BFC2F1200CE4
:1003A00001FA02F120FA0CFCDCBF41EA0C0190409A
:1003B000E41AA2BF01EB0451294330BD6FEA0404E3
:1003C0001F3C1CDA0C340EDC04F11404C4F12002CE
:1003D00020FA04F001FA02F340EA030021FA04F3E0
:1003E00045EA030130BDC4F10C04C4F1200220FA37
:1003F00002F001FA04F340EA0300294630BD21FA75
:1004000004F0294630BD94F0000F83F4801306BF3A
:1004100081F480110134013D4EE77FEA645C18BF2E
:100420007FEA655C29D094EA050F08BF90EA020FC5
:1004300005D054EA000C04BF1946104630BD91EABD
:10044000030F1EBF0021002030BD5FEA545C05D1C0
:100450004000494128BF41F0004130BD14F58004FF
:100460003CBF01F5801130BD01F0004545F0FE4173
:1004700041F470014FF0000030BD7FEA645C1ABFA8
:10048000194610467FEA655C1CBF0B46024650EADF
:10049000013406BF52EA033591EA030F41F400210B
:1004A00030BD00BF90F0000F04BF0021704730B591
:1004B0004FF4806404F132044FF000054FF0000166
:1004C00050E700BF90F0000F04BF0021704730B527
:1004D0004FF4806404F1320410F0004548BF4042FC
:1004E0004FF000013EE700BF42004FEAE2014FEA51
:1004F00031014FEA02701FBF12F07F4393F07F4F2C
:1005000081F06051704732F07F4208BF704793F02E
:100510007F4F04BF41F40021704730B54FF4607441
:1005200001F0004521F000411CE700BF50EA010244
:1005300008BF704730B54FF000050AE050EA0102ED
:1005400008BF704730B511F0004502D5404261EB5D
:1005500041014FF4806404F132045FEA915C3FF49E
:10056000D8AE4FF003025FEADC0C18BF03325FEA3B
:10057000DC0C18BF033202EBDC02C2F1200300FAEC
:1005800003FC20FA02F001FA03FE40EA0E0021FA11
:1005900002F11444BDE600BF4FEA410212F5001219
:1005A00015D211D56FF47873B3EB625212D94FEABA
:1005B000C12343F0004343EA505311F0004F23FAA4
:1005C00002F018BF404270474FF00000704750EAF9
:1005D000013005D111F0004008BF6FF000407047B6
:1005E0004FF00000704700BF034613F8012B002AAC
:1005F000FBD1181A0138704700000000000000000D
:1006000001F0FF01102A2BDB10F0070F08D010F8C3
:10061000013B013A8B422DD010F0070F42B3F6D1C7
:10062000F0B441EA012141EA014122F007047FF0E0
:1006300000070023F0E80256083C85EA010586EA37
:10064000010685FA47F5A3FA87F586FA47F6A5FA73
:1006500087F68EB9EED1F0BC01F0FF0102F007027F
:1006600032B110F8013B013A83EA010313B1F8D12A
:100670000020704701387047002D06BF354603380B
:10068000073815F0010F07D1013015F4807F02BF44
:10069000013015F4C03F0130F0BC0138704700BF95
:1006A00080B400AF064BD3F88830054A43F470039A
:1006B000C2F8883000BFBD465DF8047B704700BFBC
:1006C00000ED00E080B483B000AF786039607A68F4
:1006D0003B68B2FBF3F3074A013B5360054B002232
:1006E0009A60044B05221A6000BF0C37BD465DF8C6
:1006F000047B704710E000E080B582B000AF786006
:100700004FF47A717868FFF7DDFF00BF0837BD4608
:1007100080BD000080B485B000AF7860104B1B68CE
:10072000BB60BB687B68FB60FB68B3F1FF3F0CD02C
:10073000FB680133FB6008E0094B1B6803F480335E
:10074000002B02D0FB68013BFB60FB68002BF3D160
:1007500000BF00BF1437BD465DF8047B704700BF83
:1007600010E000E080B483B000AF7860044A7B689A
:10077000136000BF0C37BD465DF8047B704700BFB7
:100780000000002080B48BB000AFF860B9607A60E0
:10079000FB681A68BB687B617B6993FAA3F33B61D2
:1007A0003B69BB61BB69002B01D1202303E0BB691E
:1007B000B3FA83F3DBB25B00032101FA03F3DB43FB
:1007C0001A40BB683B623B6A93FAA3F3FB61FB6987
:1007D0007B627B6A002B01D1202303E07B6AB3FAA2
:1007E00083F3DBB25B00796801FA03F31A43FB6819
:1007F0001A6000BF2C37BD465DF8047B704780B49B
:1008000085B000AFF860B9607A60FB685A68BB6871
:10081000DB431A40BB68796801FB03F31A43FB68AA
:100820005A6000BF1437BD465DF8047B704780B442
:100830008BB000AFF860B9607A60FB689A68BB68FB
:100840007B617B6993FAA3F33B613B69BB61BB6945
:10085000002B01D1202303E0BB69B3FA83F3DBB2A1
:100860005B00032101FA03F3DB431A40BB683B62E0
:100870003B6A93FAA3F3FB61FB697B627B6A002B03
:1008800001D1202303E07B6AB3FA83F3DBB25B0080
:10089000796801FA03F31A43FB689A6000BF2C37AA
:1008A000BD465DF8047B704780B48BB000AFF86044
:1008B000B9607A60FB68DA68BB687B617B6993FA30
:1008C000A3F33B613B69BB61BB69002B01D12023D2
:1008D00003E0BB69B3FA83F3DBB25B00032101FAE7
:1008E00003F3DB431A40BB683B623B6A93FAA3F312
:1008F000FB61FB697B627B6A002B01D1202303E053
:100900007B6AB3FA83F3DBB25B00796801FA03F325
:100910001A43FB68DA6000BF2C37BD465DF8047BE4
:10092000704780B48BB000AFF860B9607A60FB6844
:100930001A6ABB687B617B6993FAA3F33B613B69ED
:10094000BB61BB69002B01D1202303E0BB69B3FA73
:1009500083F3DBB29B000F2101FA03F3DB431A4060
:10096000BB683B623B6A93FAA3F3FB61FB697B6262
:100970007B6A002B01D1202303E07B6AB3FA83F367
:10098000DBB29B00796801FA03F31A43FB681A6231
:1009900000BF2C37BD465DF8047B704780B48BB038
:1009A00000AFF860B9607A60FB685A6ABB681B0ADE
:1009B0007B617B6993FAA3F33B613B69BB61BB69D4
:1009C000002B01D1202303E0BB69B3FA83F3DBB230
:1009D0009B000F2101FA03F3DB431A40BB681B0A9B
:1009E0003B623B6A93FAA3F3FB61FB697B627B6A20
:1009F000002B01D1202303E07B6AB3FA83F3DBB23F
:100A00009B00796801FA03F31A43FB685A6200BF3E
:100A10002C37BD465DF8047B704780B588B000AFC9
:100A2000786039603B681B683B613B6993FAA3F3CC
:100A3000FB60FB687B617B69002B01D1202303E015
:100A40007B69B3FA83F3DBB2FB6148E03B681A6869
:100A50000121FB6901FA03F31340BB61BB69002B61
:100A60003AD03B685B68012B03D03B685B68022B84
:100A70000ED13B689B681A46B9697868FFF7D7FEC4
:100A80003B6819683B68DB681A467868FFF7B7FE71
:100A90003B681B691A46B9697868FFF705FF3B6830
:100AA0005B68022B11D1BB69FF2B07D83B685B69E0
:100AB0001A46B9697868FFF734FF06E03B685B695E
:100AC0001A46B9697868FFF769FF3B685B681A46A0
:100AD000B9697868FFF756FEFB690133FB613B6833
:100AE0001A68FB6922FA03F3002BAFD100231846E2
:100AF0002037BD4680BD80B483B000AF78603960D8
:100B00007B681B6B23F00F023B681A437B681A63F8
:100B100000BF0C37BD465DF8047B704780B483B0DE
:100B200000AF78607B689B6803F00103012B01D163
:100B3000012300E0002318460C37BD465DF8047B16
:100B40007047000090B585B000AF78603960002331
:100B5000FB737B68274A93420FD14FF0A040FFF709
:100B6000DDFF04462448FFF7D9FF03462343002B4B
:100B70000CBF01230023DBB212E02048FFF7CEFFB9
:100B800004461F48FFF7CAFF03461C431D48FFF7F2
:100B9000C5FF03462343002B0CBF01230023DBB218
:100BA000002B20D03B685B68002B12D07B689A68D2
:100BB000154B13403A6811683A68526811433A6815
:100BC000926811433A68D2680A431A437B689A6074
:100BD0000BE07B689A680C4B13403A6812681A4322
:100BE0007B689A6001E00123FB73FB7B1846143796
:100BF000BD4690BD000300500001005000040050AD
:100C00000005005000060050E030C0FF80B584B001
:100C100000AF786039600023FB737868FFF77EFFD0
:100C20000346002B11D17B68DB6823F4404323F09B
:100C300018033A6811683A68526811433A68926832
:100C40000A431A437B68DA6001E00123FB73FB7BF4
:100C500018461037BD4680BD80B584B000AF7860BF
:100C600039600023FB737868FFF758FF0346002BB9
:100C700032D13B685B68002B15D07B68DA681A4B71
:100C800013403A6811683A68926811433A68D2682A
:100C900011433A68126911433A6852690A431A4388
:100CA0007B68DA6011E07B68DA680F4B13403A68C2
:100CB00011683A68D26811433A68126911433A6878
:100CC00052690A431A437B68DA603B685B681946DD
:100CD0007868FFF710FF01E00123FB73FB7B1846E8
:100CE0001037BD4680BD00BF1CC0F0FF80B400AF10
:100CF000074B1B6803F48063B3F5806F01D10123B8
:100D000000E000231846BD465DF8047B704700BF35
:100D10000010024080B400AF074BD3F8903003F0CE
:100D20000203022B01D1012300E000231846BD4637
:100D30005DF8047B704700BF0010024080B400AF34
:100D4000044B9B6803F00C031846BD465DF8047B1A
:100D5000704700BF0010024080B400AF044B9B6896
:100D600003F0F0031846BD465DF8047B704700BFF2
:100D70000010024080B400AF044B9B6803F4E063B2
:100D80001846BD465DF8047B704700BF0010024066
:100D900080B400AF044B9B6803F460531846BD4613
:100DA0005DF8047B704700BF0010024080B483B040
:100DB00000AF7860064BD3F888207B681A407B68C8
:100DC0001B04134318460C37BD465DF8047B70477F
:100DD0000010024080B483B000AF7860064BD3F8B7
:100DE00088207B681A407B681B04134318460C3725
:100DF000BD465DF8047B70470010024080B400AF30
:100E0000044BDB6803F003031846BD465DF8047B22
:100E1000704700BF0010024080B400AF044BDB6895
:100E20001B0A03F07F031846BD465DF8047B70473C
:100E30000010024080B400AF044BDB6803F0C063D5
:100E40001846BD465DF8047B704700BF00100240A5
:100E500080B400AF044BDB6803F0F0031846BD46D6
:100E60005DF8047B704700BF0010024080B584B07D
:100E700000AF78600023FB607B68032B32D1786879
:100E8000FFF794FF0346B3F1031F16D0B3F1031F1E
:100E90001CD8514A934203D0504A934204D015E0E3
:100EA00000F02EF9F86092E0FFF720FF0346002BD8
:100EB00000F082804A4BFB607EE0FFF72BFF034689
:100EC000002B7BD04FF40043FB6077E000F018F973
:100ED0000346184600F03AF90346184600F064F954
:100EE000F86074E07B680C2B31D17868FFF75EFF07
:100EF0000346B3F10C1F15D0B3F10C1F1BD8394AB0
:100F0000934203D0384A934204D014E000F0F8F83A
:100F1000F8605CE0FFF7EAFE0346002B50D0304B50
:100F2000FB604DE0FFF7F6FE0346002B4AD04FF47E
:100F30000043FB6046E000F0E3F80346184600F08B
:100F400005F90346184600F019F9F8603FE07B68A0
:100F5000302B3CD17868FFF729FF0346B3F1301FEF
:100F600015D0B3F1301F1BD8204A934203D0204A3A
:100F7000934204D014E000F0C3F8F86027E0FFF7D4
:100F8000B5FE0346002B1FD0154BFB601CE0FFF79E
:100F9000C1FE0346002B19D04FF40043FB6015E05F
:100FA00000F0AEF80346184600F0D0F803461846A5
:100FB00000F0E4F8F8600AE000BF08E000BF06E0D7
:100FC00000BF04E000BF02E000BF00E000BFFB681C
:100FD00018461037BD4680BD010003000200030023
:100FE0000024F40004000C0008000C001000300085
:100FF0002000300080B584B000AF78600023FB6033
:101000007B68C02B34D17868FFF7E4FE0346B3F168
:10101000C01F15D0B3F1C01F1BD8344A934203D070
:10102000334A934204D014E000F06AF8F8601FE0FD
:10103000FFF75CFE0346002B17D02E4BFB6014E03D
:10104000FFF768FE0346002B11D04FF40043FB600E
:101050000DE000F055F80346184600F077F8034617
:10106000184600F08BF8F86002E000BF00E000BF17
:101070007B68B3F5407F34D17868FFF7ABFE034659
:10108000B3F1032F15D0B3F1032F1BD81A4A9342A3
:1010900003D01A4A934204D014E000F031F8F8600B
:1010A0001FE0FFF723FE0346002B17D0114BFB6018
:1010B00014E0FFF72FFE0346002B11D04FF400433E
:1010C000FB600DE000F01CF80346184600F03EF807
:1010D0000346184600F052F8F86002E000BF00E056
:1010E00000BFFB6818461037BD4680BD4000C000F9
:1010F0008000C0000024F40000010003000200038F
:1011000080B582B000AFFFF719FE03460C2B0CD060
:101110000C2B0ED8042B02D0082B03D009E0094B6E
:101120007B6009E0084B7B6006E000F053F87860D4
:1011300002E0044B7B6000BF7B6818460837BD4661
:1011400080BD00BF0024F400002D310180B582B0C5
:1011500000AF7860FFF700FE03461B0903F00F03A2
:10116000054AD35C03F01F037A6822FA03F318469A
:101170000837BD4680BD00BF40AD000880B582B0D5
:1011800000AF7860FFF7F6FD03461B0A054AD35C03
:1011900003F01F037A6822FA03F318460837BD46A6
:1011A00080BD00BF50AD000880B582B000AF786050
:1011B000FFF7EEFD0346DB0A054AD35C03F01F038D
:1011C0007A6822FA03F318460837BD4680BD00BF8F
:1011D00050AD000890B583B000AFFFF70FFE386048
:1011E0003B68022B03D03B68032B03D005E0114B77
:1011F0007B6005E0104B7B6002E00E4B7B6000BF24
:10120000FFF70AFE02467B6803FB02F4FFF720FEAD
:1012100003461B090133B4FBF3F4FFF70BFE03464F
:101220005B0E01335B00B4FBF3F318460C37BD468D
:1012300090BD00BF0024F400002D310180B483B0C4
:1012400000AF78607B681B6843F001027B681A601E
:1012500000BF0C37BD465DF8047B704780B483B097
:1012600000AF78607B681B6823F001027B681A601E
:1012700000BF0C37BD465DF8047B704780B485B075
:1012800000AFF860B9607A60FB681B6823F4F8521D
:101290007B681902BB680B431A43FB681A6000BFE6
:1012A0001437BD465DF8047B704780B485B000AF4D
:1012B000F860B9607A60FB689B6823F4FF6323F0F1
:1012C0000703B9687A680A431A43FB689A6000BF4B
:1012D0001437BD465DF8047B704780B483B000AF1F
:1012E00078607B689B6843F400427B689A6000BF2B
:1012F0000C37BD465DF8047B704780B483B000AF07
:1013000078607B689B6823F400427B689A6000BF2A
:101310000C37BD465DF8047B704780B483B000AFE6
:10132000786039607B683A681A6100BF0C37BD4647
:101330005DF8047B704780B483B000AF786039609B
:101340007B681B6823F440123B681A437B681A6071
:1013500000BF0C37BD465DF8047B704780B483B096
:1013600000AF786039607B685B6823F400423B68BB
:101370001A437B685A6000BF0C37BD465DF8047B9A
:10138000704780B582B000AF786039607868FFF749
:1013900065FF3B6899683B68DB681A467868FFF729
:1013A0006DFF3B685B6819467868FFF7B6FF7868A1
:1013B000FFF744FF7868FFF7A0FF3B6819693B68B7
:1013C0009B691A467868FFF770FF3B681B69002B22
:1013D00002D07868FFF781FF3B681B681946786880
:1013E000FFF7A9FF3B685B6919467868FFF7B6FF0E
:1013F000002318460837BD4680BD80B483B000AFD7
:1014000078607B681B6803F04003402B01D1012307
:1014100000E0002318460C37BD465DF8047B70479A
:1014200080B483B000AF786039607B685B6823F478
:1014300080523B681A437B685A6000BF0C37BD4638
:101440005DF8047B704780B483B000AF786039608A
:101450003B689BB21A467B681A6100BF0C37BD46D9
:101460005DF8047B704780B584B000AF7860396068
:101470000123FB737868FFF7C0FF0346002B45D1BB
:101480007B681B6823F47F4323F0BF033A6811682D
:101490003A68526811433A68D26811433A6812694F
:1014A00011433A68526911433A68926911433A68A4
:1014B000D26911433A68126A0A431A437B681A6078
:1014C0007B685B6823F4706323F004033A689168D7
:1014D0003A685269120C0A431A437B685A603B68A7
:1014E0009B68B3F5006F04D24FF480517868FFF722
:1014F00097FF3B681B6AB3F5005F05D13B685B6AE9
:1015000019467868FFF79FFF0023FB737B68DB6950
:1015100023F400627B68DA61FB7B18461037BD4616
:1015200080BD80B483B000AF786039607B683A6872
:101530009A6200BF0C37BD465DF8047B704780B4EB
:1015400083B000AF786039607B683A68DA6200BFC8
:101550000C37BD465DF8047B704780B483B000AFA4
:10156000786039607B683A681A6300BF0C37BD4603
:101570005DF8047B704780B483B000AF7860396059
:101580007B683A685A6300BF0C37BD465DF8047B40
:10159000704780B483B000AF786039607B683A6888
:1015A0009A6300BF0C37BD465DF8047B704780B47A
:1015B00083B000AF786039607B683A68DA6300BF57
:1015C0000C37BD465DF8047B704780B483B000AF34
:1015D000786039607B683A681A6400BF0C37BD4692
:1015E0005DF8047B704780B483B000AF78603960E9
:1015F0007B689B6C1B0D1B053A681A437B689A64D9
:1016000000BF0C37BD465DF8047B704780B483B0E3
:1016100000AF786039607B683A68DA6400BF0C37E5
:10162000BD465DF8047B704780B483B000AF78603E
:101630007B685B6943F001027B685A6100BF0C372D
:10164000BD465DF8047B704780B584B000AF78601C
:1016500039607B681B68FB607B68434A934217D004
:101660007B68B3F1804F13D07B68404A93420FD020
:101670007B683F4A93420BD07B683E4A934207D037
:101680007B683D4A934203D07B683C4A934206D133
:10169000FB6823F070023B685B681343FB607B6868
:1016A000314A934223D07B68B3F1804F1FD07B68CF
:1016B0002E4A93421BD07B682D4A934217D07B68F9
:1016C0002C4A934213D07B682B4A93420FD07B68FD
:1016D0002B4A93420BD07B682A4A934207D07B68FF
:1016E000294A934203D07B68244A934206D1FB687F
:1016F00023F440723B68DB681343FB607B68FA6845
:101700001A603B689B6819467868FFF718FF3B68CA
:101710001B8819467868FFF704FF7B68124A9342DA
:1017200013D07B68144A93420FD07B68144A9342CB
:101730000BD07B68134A934207D07B68124A9342CE
:1017400003D07B680D4A934205D13B681B6919465B
:101750007868FFF702FF7868FFF766FF00231846F6
:101760001037BD4680BD00BF002C01400004004082
:1017700000080040000C00400034014000500140CF
:1017800000400140004401400048014080B586B05F
:1017900000AFF860B9607A600123FB75BB68B3F5F0
:1017A000801F45D0BB68B3F5801F48D8BB68B3F530
:1017B000803F36D0BB68B3F5803F40D8BB68B3F5F7
:1017C000805F27D0BB68B3F5805F38D8BB68B3F5BE
:1017D000807F18D0BB68B3F5807F30D8BB68012B01
:1017E00003D0BB68102B07D029E07968F86800F0B7
:1017F0002DF80346FB7523E07968F86800F0ACF833
:101800000346FB751CE07968F86800F02FF9034681
:10181000FB7515E07968F86800F0B2F90346FB75CE
:101820000EE07968F86800F035FA0346FB7507E0CA
:101830007968F86800F098FA0346FB7500E000BF8D
:10184000FB7D18461837BD4680BD000080B586B0C8
:1018500000AF786039607B681B6A23F001027B6807
:101860001A627B681B6A7B617B685B683B617B6893
:101870009B69FB60FB6823F00303FB60FB6823F4B8
:10188000803323F070033A6812681343FB607B696E
:1018900023F002023B681B6913437B617B6923F0E1
:1018A00001023B685B6813437B617B68244A934277
:1018B00013D07B68234A93420FD07B68224A93421D
:1018C0000BD07B68214A934207D07B68204A934221
:1018D00003D07B681F4A93421ED17B6923F0080224
:1018E0003B685B699B0013437B617B6923F00402C7
:1018F0003B689B689B0013437B613B6923F48072C8
:101900003B689B6913433B613B6923F400723B686E
:10191000DB695B0013433B617B683A695A607B6813
:10192000FA689A613B68DB6819467868FFF723FE1E
:101930007B687A691A62002318461837BD4680BD55
:10194000002C0140003401400040014000440140AF
:10195000004801400050014080B586B000AF78607B
:1019600039607B681B6A23F010027B681A627B680F
:101970001B6A7B617B685B683B617B689B69FB6082
:10198000FB6823F44073FB60FB6823F0807323F44F
:10199000E0433A68126812021343FB607B6923F04C
:1019A00020023B681B691B0113437B617B6923F0A9
:1019B00010023B685B681B0113437B617B68254A0F
:1019C000934213D07B68244A93420FD07B68234A0A
:1019D00093420BD07B68224A934207D07B68214A0E
:1019E000934203D07B68204A93421FD17B6923F046
:1019F00080023B685B699B0113437B617B6923F039
:101A000040023B689B689B0113437B613B6923F465
:101A100080623B689B699B0013433B613B6923F4F5
:101A200000623B68DB69DB0013433B617B683A691A
:101A30005A607B68FA689A613B68DB681946786887
:101A4000FFF7A7FD7B687A691A62002318461837EA
:101A5000BD4680BD002C01400034014000400140E3
:101A600000440140004801400050014080B586B06C
:101A700000AF786039607B681B6A23F480727B68F2
:101A80001A627B681B6A7B617B685B683B617B6871
:101A9000DB69FB60FB6823F00303FB60FB6823F456
:101AA000803323F070033A6812681343FB607B694C
:101AB00023F400723B681B691B0213437B617B6943
:101AC00023F480723B685B681B0213437B617B6875
:101AD000254A934213D07B68244A93420FD07B68F7
:101AE000234A93420BD07B68224A934207D07B68FB
:101AF000214A934203D07B68204A93421FD17B69DD
:101B000023F400623B685B699B0213437B617B6942
:101B100023F480623B689B689B0213437B613B69B3
:101B200023F480523B689B691B0113433B613B6973
:101B300023F400523B68DB695B0113433B617B6824
:101B40003A695A607B68FA68DA613B68DB68194673
:101B50007868FFF72CFD7B687A691A6200231846C3
:101B60001837BD4680BD00BF002C01400034014045
:101B70000040014000440140004801400050014045
:101B800080B586B000AF786039607B681B6A23F44B
:101B900080527B681A627B681B6A7B617B685B682A
:101BA0003B617B68DB69FB60FB6823F44073FB608F
:101BB000FB6823F0807323F4E0433A681268120252
:101BC0001343FB607B6923F400523B681B691B03D2
:101BD00013437B617B6923F480523B685B681B0382
:101BE00013437B617B68254A934213D07B68244A68
:101BF00093420FD07B68234A93420BD07B68224AE2
:101C0000934207D07B68214A934203D07B68204AE5
:101C100093421FD17B6923F400423B685B699B03BD
:101C200013437B617B6923F480423B689B689B0381
:101C300013437B613B6923F480423B689B699B01B2
:101C400013433B613B6923F400423B68DB69DB01E2
:101C500013433B617B683A695A607B68FA68DA61D2
:101C60003B68DB6819467868FFF7AFFC7B687A69E8
:101C70001A62002318461837BD4680BD002C01406B
:101C80000034014000400140004401400048014050
:101C90000050014080B584B000AF786039607B6847
:101CA0001B6A23F480327B681A627B681B6AFB60C4
:101CB0007B681B6DBB60BB6823F4803323F070032B
:101CC0003A6812681343BB60FB6823F400323B6838
:101CD0001B691B041343FB60FB6823F480323B68E1
:101CE0005B681B041343FB607B68194A934213D063
:101CF0007B68184A93420FD07B68174A93420BD0F7
:101D00007B68164A934207D07B68154A934203D0FA
:101D10007B68144A934209D17B685B6823F4803264
:101D20003B689B691B021A437B685A607B68BA68F0
:101D30001A653B68DB6819467868FFF754FC7B68D6
:101D4000FA681A62002318461037BD4680BD00BFEE
:101D5000002C01400034014000400140004401409B
:101D6000004801400050014080B584B000AF786069
:101D700039607B681B6A23F480127B681A627B6877
:101D80001B6AFB607B681B6DBB60BB6823F08073C4
:101D900023F4E0433A68126812021343BB60FB6805
:101DA00023F400123B681B691B051343FB60FB68AF
:101DB00023F480123B685B681B051343FB607B6860
:101DC000184A934213D07B68174A93420FD07B681E
:101DD000164A93420BD07B68154A934207D07B6822
:101DE000144A934203D07B68134A934209D17B681B
:101DF0005B6823F480223B689B699B021A437B68E3
:101E00005A607B68BA681A653B68DB68194678686F
:101E1000FFF7FCFB7B68FA681A620023184610374C
:101E2000BD4680BD002C014000340140004001400F
:101E300000440140004801400050014080B483B09C
:101E400000AF78607B681B6803F00103012B01D1B0
:101E5000012300E0002318460C37BD465DF8047BE3
:101E6000704780B483B000AF786039607B68DB6A0C
:101E700023F00F033A6892B21A437B68DA6200BF1C
:101E80000C37BD465DF8047B704780B483B000AF6B
:101E9000786039607B685B6823F440523B681A4382
:101EA0007B685A6000BF0C37BD465DF8047B704705
:101EB00080B483B000AF786039607B689B6823F49E
:101EC00040723B681A437B689A6000BF0C37BD467E
:101ED0005DF8047B7047000080B487B000AFF86005
:101EE000B9607A603B607B680B2B3CD83B6A002B67
:101EF00039D03B68B3F5004F22D17B68DBB21A467C
:101F00001C4B53F82230BA68B2FBF3F35A003B6A19
:101F10005B081A443B6AB2FBF3F39BB27B617A69BC
:101F20004FF6F07313403B617B695B089BB203F093
:101F300007033A6913433B61FB683A69DA6012E0D0
:101F40007B68DBB21A460B4B53F82230BA68B2FBFF
:101F5000F3F23B6A5B081A443B6AB2FBF3F39BB2B1
:101F60001A46FB68DA6000BF1C37BD465DF8047B8B
:101F7000704700BF58AD000880B586B002AF7860EA
:101F800039600123FB730023BB607868FFF756FFBD
:101F90000346002B65D17B681A68344B13403A68BE
:101FA00091683A68126911433A68526911433A6874
:101FB000D2690A431A437B681A603B68DB6819469A
:101FC0007868FFF762FF3B689B6919467868FFF7FE
:101FD0006FFF7B68264A934204D10320FEF746FF39
:101FE000B86023E07B68234A934204D10C20FEF7BB
:101FF0003DFFB8601AE07B681F4A934204D130204D
:10200000FEF734FFB86011E07B681C4A934204D1AC
:10201000C020FEF7EFFFB86008E07B68184A9342E3
:1020200004D14FF44070FEF7E5FFB860BB68002BA9
:1020300011D03B685B68002B0DD00023FB733B681D
:102040001A683B68D9693B685B6800930B46B968BE
:102050007868FFF741FF3B681B6819467868FFF70F
:1020600000FFFB7B18461037BD4680BDF369FFEFCC
:10207000003801400044004000480040004C00404F
:102080000050004080B485B000AF78607B6803F0FA
:102090000703FB600C4BDB68BB60BA684FF6FF03BD
:1020A0001340BB60FB681A02BB68134343F0BF6375
:1020B00043F40033BB60044ABB68D36000BF1437ED
:1020C000BD465DF8047B704700ED00E080B400AFD2
:1020D000044BDB681B0A03F007031846BD465DF896
:1020E000047B704700ED00E080B483B000AF03468E
:1020F0003960FB7197F90730002B0ADB3B68DAB2D5
:102100000C4997F907301201D2B20B4483F800232F
:102110000AE03B68DAB20849FB7903F00F03043B9D
:102120001201D2B20B441A7600BF0C37BD465DF8DF
:10213000047B704700E100E000ED00E080B489B06E
:1021400000AFF860B9607A60FB6803F00703FB61D9
:10215000FB69C3F10703042B28BF0423BB61FB69A0
:102160000433062B02D9FB69033B00E000237B61AB
:102170004FF0FF32BB6902FA03F3DA43BB681A403F
:102180007B699A404FF0FF317B6901FA03F3D94331
:102190007B680B40134318462437BD465DF8047B2B
:1021A0007047000080B400AF054B1B68044A43F43D
:1021B0008023136000BFBD465DF8047B704700BFFD
:1021C0000010024080B400AF054B1B68044A43F482
:1021D0008033136000BFBD465DF8047B704700BFCD
:1021E0000010024080B400AF074B1B6803F40033BB
:1021F000B3F5003F01D1012300E000231846BD469E
:102200005DF8047B704700BF0010024080B483B0CB
:1022100000AF7860064B9B6823F0030204497B689B
:1022200013438B6000BF0C37BD465DF8047B7047DD
:102230000010024080B400AF044B9B6803F00C0315
:102240001846BD465DF8047B704700BF0010024091
:1022500080B483B000AF7860064B9B6823F0F00237
:1022600004497B6813438B6000BF0C37BD465DF8A3
:10227000047B70470010024080B483B000AF7860E8
:10228000064B9B6823F4E06204497B6813438B6030
:1022900000BF0C37BD465DF8047B7047001002405C
:1022A00080B483B000AF7860064B9B6823F4605223
:1022B00004497B6813438B6000BF0C37BD465DF853
:1022C000047B70470010024080B400AF054B1B68D0
:1022D000044A43F08073136000BFBD465DF8047B81
:1022E000704700BF0010024080B400AF074B1B686E
:1022F00003F00073B3F1007F01D1012300E000235C
:102300001846BD465DF8047B704700BF00100240D0
:1023100080B485B000AFF860B9607A603B600A4B6A
:10232000DA680A4B1340F968BA6811437A681202F6
:1023300011433A680A4304491343CB6000BF143782
:10234000BD465DF8047B7047001002400C80FFF929
:1023500080B400AF054BDB68044A43F08073D36060
:1023600000BFBD465DF8047B704700BF001002400F
:1023700080B485B000AF7860084B9A6D07497B68E0
:1023800013438B65054B9A6D7B681340FB60FB68BC
:1023900000BF1437BD465DF8047B70470010024053
:1023A00080B485B000AF7860084B1A6E07497B682F
:1023B00013430B66054B1A6E7B681340FB60FB688A
:1023C00000BF1437BD465DF8047B70470010024023
:1023D00080B483B000AF7860064B1B6823F00F0217
:1023E00004497B6813430B6000BF0C37BD465DF8A2
:1023F000047B70470020024080B400AF044B1B6890
:1024000003F00F031846BD465DF8047B704700BF1C
:102410000020024080B400AF064BD3F88030054A5C
:1024200023F48073C2F8803000BFBD465DF8047BA2
:10243000704700BF0070004080B400AF054B9B6840
:10244000044A43F48043936000BFBD465DF8047BBB
:10245000704700BF0070004080B500AF0120FFF75B
:102460009FFF4FF08050FFF783FF0320FFF70AFE26
:10247000FFF72CFE0346002203211846FFF75EFEFD
:10248000034619464FF0FF30FFF72EFEFFF7D4FF4B
:1024900000F01EF800F094F800F0EEFB00F0A0FD54
:1024A00000F0D0FF01F096F801F022FC01F0A4FA50
:1024B00007F00CF805F09AFB04F0DAFA034807F08D
:1024C00081FA02F057FF00BFFDE700BF98AB00089C
:1024D00080B582B000AF0420FFF77AFF00BFFFF79E
:1024E0008BFF0346042BFAD1FFF794FFFFF75AFE48
:1024F000FFF768FE00BFFFF775FE0346012BFAD118
:102500000023222210210320FFF702FFFFF720FF04
:10251000FFF7DAFE00BFFFF7E7FE0346012BFAD113
:102520000320FFF773FE8020FFF792FE00BFFFF746
:1025300081FE03460C2BFAD155237B6002E07B68B9
:10254000013B7B607B68002BF9D10020FFF780FE08
:102550000020FFF791FE0020FFF7A2FE0448FEF7DF
:10256000CBF80348FEF7FEF800BF0837BD4680BD34
:1025700080FE210A80B485B000AF7860084BDA6C29
:1025800007497B681343CB64054BDA6C7B681340C7
:10259000FB60FB6800BF1437BD465DF8047B7047E5
:1025A0000010024080B483B000AF786039607B686F
:1025B0003A689A6200BF0C37BD465DF8047B7047ED
:1025C00080B586B000AF3B4600221A605A609A6020
:1025D000DA601A615A610420FFF7CCFF2020FFF770
:1025E000C9FF0120FFF7C6FF0220FFF7C3FF082045
:1025F000FFF7C0FF4FF48041BB48FFF7D3FF4FF414
:102600000041B948FFF7CEFF4FF40071B748FFF71C
:10261000C9FF4FF48061B548FFF7C4FF0221B348FA
:10262000FFF7C0FF0121B048FFF7BCFF0221AE4811
:10263000FFF7B8FF0421AC48FFF7B4FF4FF4007177
:10264000A948FFF7AFFF4FF48061A748FFF7AAFF43
:102650004FF40061A448FFF7A5FF4FF48051A24852
:10266000FFF7A0FF0121A248FFF79CFF0221A0482D
:10267000FFF798FF04219E48FFF794FF08219C482C
:10268000FFF790FF80219A48FFF78CFF4FF48043BB
:102690003B6001237B600023BB600023FB600223BF
:1026A0003B613B4619469048FEF7B7F94FF40043AB
:1026B0003B6001237B600023BB600023FB6002239F
:1026C0003B613B4619468848FEF7A7F94FF4007373
:1026D0003B6001237B600023BB600023FB6002237F
:1026E0003B613B4619468148FEF797F94FF48063FA
:1026F0003B6001237B600023BB600023FB6002235F
:102700003B613B4619467948FEF787F902233B6057
:1027100001237B600023BB600023FB6002233B613D
:102720003B4619467148FEF778F901233B600123C7
:102730007B600023BB600023FB6002233B613B46C0
:1027400019466948FEF769F902233B6001237B6063
:102750000023BB600023FB6002233B613B4619461C
:102760006148FEF75AF904233B6001237B60002394
:10277000BB600023FB6002233B613B4619465A487D
:10278000FEF74BF94FF400433B6000237B600123CD
:102790003B613B4619465648FEF73FF940233B60F4
:1027A00000237B6001233B613B4619464E48FEF700
:1027B00034F980233B6000237B6001233B613B466F
:1027C00019464948FEF729F94FF480733B6000230E
:1027D0007B6001233B613B4619464348FEF71DF9E8
:1027E0004FF400733B6001237B600223BB60002336
:1027F000FB6002233B613B4619463B48FEF70DF95F
:102800004FF480633B6001237B600223BB600023A5
:10281000FB6002233B613B4619463348FEF7FDF857
:102820004FF400633B6001237B600223BB60002305
:10283000FB6002233B613B4619462B48FEF7EDF84F
:102840004FF480533B6001237B600223BB60002375
:10285000FB6002233B613B4619462348FEF7DDF847
:1028600001233B6001237B600223BB600023FB60EC
:1028700002233B613B4619461D48FEF7CEF8022372
:102880003B6001237B600223BB600023FB600223CB
:102890003B613B4619461648FEF7BFF804233B60F0
:1028A00001237B600223BB600023FB6002233B61AA
:1028B0003B4619460E48FEF7B0F808233B6001235B
:1028C0007B600223BB600023FB6002233B613B462D
:1028D00019460748FEF7A1F880233B6001237B607F
:1028E0000023BB60002305E00008004800140048F6
:1028F000000C0048FB6000233B613B46194603483F
:10290000FEF78BF800BF1837BD4680BD000C0048AD
:1029100080B400AF044BDB681B0A03F007031846C2
:10292000BD465DF8047B704700ED00E080B483B0E5
:1029300000AF0346FB7197F90730002B0BDBFB79E7
:1029400003F01F02074997F907305B09012000FADD
:1029500002F241F8232000BF0C37BD465DF8047B2E
:10296000704700BF00E100E080B483B000AF0346D1
:102970003960FB7197F90730002B0ADB3B68DAB24C
:102980000C4997F907301201D2B20B4483F80023A7
:102990000AE03B68DAB20849FB7903F00F03043B15
:1029A0001201D2B20B441A7600BF0C37BD465DF857
:1029B000047B704700E100E000ED00E080B489B0E6
:1029C00000AFF860B9607A60FB6803F00703FB6151
:1029D000FB69C3F10703042B28BF0423BB61FB6918
:1029E0000433062B02D9FB69033B00E000237B6123
:1029F0004FF0FF32BB6902FA03F3DA43BB681A40B7
:102A00007B699A404FF0FF317B6901FA03F3D943A8
:102A10007B680B40134318462437BD465DF8047BA2
:102A2000704780B483B000AF786039607B68D3F8BA
:102A3000C03023F47F5323F03F033A681A437B6886
:102A4000C3F8C0207B681B6923F480333A68002AEE
:102A500002D04FF4803200E000221A437B681A61F2
:102A600000BF0C37BD465DF8047B704780B483B06F
:102A700000AF786039607B68DB6823F440623B68B4
:102A80001A437B68DA6000BF0C37BD465DF8047BF3
:102A9000704780B487B000AFF860B9607A60FB68B7
:102AA00030331A46BB681B0A9B0003F00C03134427
:102AB0007B617B691A68BB6803F01F031F2101FA61
:102AC00003F3DB431A407B689B0E03F01F01BB68D6
:102AD00003F01F0301FA03F31A437B691A6000BF76
:102AE0001C37BD465DF8047B704780B487B000AFEB
:102AF000F860B9607A60FB6814331A46BB685B0EF5
:102B00009B0003F0040313447B617B691A68BB6874
:102B10001B0D03F01F03072101FA03F3DB431A40E7
:102B2000BB681B0D03F01F03796801FA03F31A4316
:102B30007B691A6000BF1C37BD465DF8047B704797
:102B400080B485B000AFF860B9607A60FB68D3F8F4
:102B5000B020BB68C3F31203DB431A407B6803F069
:102B600018030849D940BB680B40C3F312031A434A
:102B7000FB68C3F8B02000BF1437BD465DF8047B86
:102B8000704700BFFFFF070080B483B000AF7860DC
:102B900039607B681B6923F4806323F003033A6880
:102BA0001A437B681A6100BF0C37BD465DF8047B91
:102BB000704780B483B000AF78607B689B6823F077
:102BC000204323F03F037A68936000BF0C37BD4673
:102BD0005DF8047B704780B483B000AF78607B6899
:102BE0009B6823F0104323F03F0343F080527B683F
:102BF0009A6000BF0C37BD465DF8047B704700004B
:102C000080B483B000AF78600E4BD3F888207B6827
:102C10001B0C03F01F03032101FA03F3DB431A40EB
:102C20007B68D9B27B681B0C03F01F0301FA03F326
:102C300004491343C1F8883000BF0C37BD465DF826
:102C4000047B70470010024080B485B000AF78600C
:102C5000084BDA6C07497B681343CB64054BDA6C8D
:102C60007B681340FB60FB6800BF1437BD465DF80E
:102C7000047B70470010024080B594B000AF07F1AC
:102C8000400300221A605A609A6007F1280300226C
:102C90001A605A609A60DA601A615A6107F1180383
:102CA00000221A605A609A60DA603B4600221A607D
:102CB0005A609A60DA601A615A61BA48FFF7A0FF59
:102CC0004FF40050FFF7C0FF0420FFF7BDFF0120C5
:102CD000FFF7BAFF0220FFF7B7FF08233B6003238B
:102CE0007B6000233B613B461946AF48FDF795FEEC
:102CF00001233B6003237B6000233B613B46194675
:102D00004FF09040FDF789FE02233B6003237B6078
:102D100000233B613B4619464FF09040FDF77DFE96
:102D200004233B6003237B6000233B613B46194641
:102D30004FF09040FDF771FE08233B6003237B605A
:102D400000233B613B4619464FF09040FDF765FE7E
:102D500002233B6003237B6000233B613B46194613
:102D60009248FDF75AFE4FF480533B6003237B608B
:102D700000233B613B4619468C48FDF74EFE4FF45D
:102D800080433B6003237B6000233B613B46194645
:102D90008648FDF742FEFFF7BBFD034600220021F7
:102DA0001846FFF70BFE034619461220FFF7DCFD1D
:102DB0001220FFF7BBFD00233B6400237B6400234C
:102DC000BB6407F1400319464FF0A040FDF71EFF1A
:102DD0004FF4AC63BB620723FB624FF480333B6369
:102DE00000237B630023BB634FF48053FB6307F135
:102DF000280319464FF0A040FDF72EFF00214FF0A9
:102E0000A040FFF70EFE00214FF0A040FFF7BCFEF0
:102E10004FF44033BB610023FB6107F118031946EF
:102E20006348FDF78FFE4FF480614FF0A040FFF73D
:102E30001DFE4FF0A040FFF7BCFE4FF0A040FFF793
:102E4000CAFE5C4B1B689B095B4AA2FB03239A09E1
:102E500013469B0013449B001A46584BA3FB0223C6
:102E6000DB08FB6402E0FB6C013BFB64FB6C002BAA
:102E7000F9D1534A06214FF0A040FFF70AFE012284
:102E80004F494FF0A040FFF730FE7F224C494FF0F2
:102E9000A040FFF755FE4B4A0C214FF0A040FFF732
:102EA000F8FD012247494FF0A040FFF71EFE7F22A8
:102EB00044494FF0A040FFF743FE434A12214FF030
:102EC000A040FFF7E6FD01223F494FF0A040FFF789
:102ED0000CFE7F223C494FF0A040FFF731FE3B4AF9
:102EE00018214FF0A040FFF7D4FD012237494FF0E1
:102EF000A040FFF7FAFD7F2234494FF0A040FFF7D2
:102F00001FFE334A4FF480714FF0A040FFF7C1FD20
:102F100001222F494FF0A040FFF7E7FD7F222C4907
:102F20004FF0A040FFF70CFE2A4A4FF483714FF098
:102F3000A040FFF7AEFD012226494FF0A040FFF769
:102F4000D4FD7F2223494FF0A040FFF7F9FD224A2C
:102F50004FF486714FF0A040FFF79BFD01221E4900
:102F60004FF0A040FFF7C1FD7F221B494FF0A0406A
:102F7000FFF7E6FD194A4FF489714FF0A040FFF7C3
:102F800088FD012215494FF0A040FFF7AEFD7F22DA
:102F900012494FF0A040FFF7D3FD00BF5037BD46A8
:102FA00080BD00BF02001C0000080048000400486B
:102FB0000003005000000020632D3E05CDCCCCCC9A
:102FC00002003004040060080800900C1000C010DB
:102FD0002000F0140002B0250008302E00106032EE
:102FE00080B590B000AF07F1300300221A605A603C
:102FF0009A6007F1180300221A605A609A60DA603A
:103000001A615A613B4600221A605A609A60DA607F
:103010001A615A61A448FFF7F3FD4FF40050FFF71F
:1030200013FE0120FFF710FE0420FFF70DFE022023
:10303000FFF70AFE20233B6003237B6000233B61F4
:103040003B4619464FF09040FDF7E7FC40233B60BC
:1030500003237B6000233B613B4619464FF09040C1
:10306000FDF7DBFC80233B6003237B6000233B6197
:103070003B4619464FF09040FDF7CFFC10233B60D4
:1030800003237B6000233B613B4619468748FDF7DD
:10309000C4FC20233B6003237B6000233B613B4651
:1030A00019468248FDF7B9FC04233B6003237B608B
:1030B00000233B613B4619467D48FDF7AEFC4FF4CB
:1030C00000633B6003237B6000233B613B46194662
:1030D0007748FDF7A2FC4FF400433B6003237B607D
:1030E00000233B613B4619467148FDF796FCFFF70C
:1030F0000FFC0346002200211846FFF75FFC034641
:1031000019461220FFF730FC1220FFF70FFC0023B6
:103110003B6300237B630023BB6307F13003194645
:103120006448FDF773FD4FF4AC63BB610723FB619B
:103130004FF480333B6200237B620023BB624FF479
:103140008053FB6207F1180319465A48FDF784FDC6
:1031500000215848FFF765FC00215648FFF714FD91
:103160004FF480615348FFF781FC5248FFF721FD7F
:103170005048FFF730FD504B1B689B094F4AA2FB9C
:1031800003239A0913469B0013449B001A464C4B99
:10319000A3FB0223DB08FB6302E0FB6B013BFB6349
:1031A000FB6B002BF9D1474A06214248FFF771FC1F
:1031B000012244493F48FFF798FC7F2241493D489E
:1031C000FFF7BEFC404A0C213A48FFF762FC01229F
:1031D0003D493848FFF789FC7F223B493548FFF7D6
:1031E000AFFC3A4A12213348FFF753FC012237491A
:1031F0003048FFF77AFC7F2234492E48FFF7A0FCC5
:10320000334A18212B48FFF744FC01223049294852
:10321000FFF76BFC7F222E492648FFF791FC2D4AD1
:103220004FF480712348FFF734FC012229492148DB
:10323000FFF75BFC7F2227491E48FFF781FC264AE7
:103240004FF483711B48FFF724FC012222491948DF
:10325000FFF74BFC7F2220491648FFF771FC1F4AFD
:103260004FF486711348FFF714FC01221B491148E3
:10327000FFF73BFC7F2219490E48FFF761FC184A13
:103280004FF489710B48FFF704FC012214490948E7
:10329000FFF72BFC7F2212490648FFF751FC00BFC5
:1032A0004037BD4680BD00BF02001C00000800483A
:1032B000000400480001005000000020632D3E057E
:1032C000CDCCCCCC0800900C1000C0102000F01425
:1032D0000008302E00106032002090360040C03AC6
:1032E0000080F03E80B483B000AF78607B681B68DC
:1032F00023F400327B681A6000BF0C37BD465DF8CE
:10330000047B704780B483B000AF78607B681B6833
:1033100023F400227B681A6000BF0C37BD465DF8BD
:10332000047B704780B485B000AFF860B9607A6004
:10333000FB68DB6823F4FF6323F00603B9687A684F
:103340000A431A43FB68DA6000BF1437BD465DF8D4
:10335000047B704780B483B000AF78607B68DB6823
:1033600023F400427B68DA6000BF0C37BD465DF88D
:10337000047B704780B483B000AF78607B685B6883
:1033800043F000727B685A6000BF0C37BD465DF8A1
:10339000047B704780B485B000AF78607B681A0EFC
:1033A0000F4B1344FB60FB681A687B681B0C03F02F
:1033B0001F03032101FA03F3DB431A407B68D9B2F0
:1033C0007B681B0C03F01F0301FA03F31A43FB682D
:1033D0001A6000BF1437BD465DF8047B704700BF1C
:1033E0008810024080B485B000AF7860084BDA6C7A
:1033F00007497B681343CB64054BDA6C7B68134049
:10340000FB60FB6800BF1437BD465DF8047B704766
:103410000010024080B485B000AF7860084B9A6D10
:1034200007497B6813438B65054B9A6D7B68134096
:10343000FB60FB6800BF1437BD465DF8047B704736
:103440000010024080B58EB000AF07F11C030022CF
:103450001A605A609A60DA601A615A619A613B1D7B
:1034600000221A605A609A60DA601A615A614FF459
:103470006020FFF78FFF0120FFF7B4FF4FF4807348
:103480007B600223BB600023FB6001233B610023C0
:103490007B610423BB613B1D19464FF09040FDF753
:1034A000BCFA4FF400737B600223BB600023FB6017
:1034B00001233B6100237B610423BB613B1D194653
:1034C0004FF09040FDF7A9FA4FF48000FFF7A2FFFC
:1034D0000023FB61134B3B6200237B620023BB6232
:1034E0000023FB6200233B6300237B6307F11C0383
:1034F00019460D48FDF745FF0B48FFF73BFF00223B
:1035000000210948FFF70EFF0748FFF723FF064891
:10351000FFF7F8FE0448FFF7E5FE00BF3837BD4669
:1035200080BD00BFC285B2400058004080B485B065
:1035300000AF7860084BDA6C07497B681343CB64B3
:10354000054BDA6C7B681340FB60FB6800BF1437E7
:10355000BD465DF8047B70470010024080B485B022
:1035600000AF7860084B1A6E07497B6813430B66FF
:10357000054B1A6E7B681340FB60FB6800BF143775
:10358000BD465DF8047B70470010024080B483B0F4
:1035900000AF786039607B685B6823F010023B689D
:1035A0001A437B685A6000BF0C37BD465DF8047B48
:1035B000704780B483B000AF78607B685B6843F08D
:1035C00008027B685A6000BF0C37BD465DF8047B7B
:1035D0007047000080B590B000AF07F118032822B3
:1035E0000021184606F03EFB3B4600221A605A6056
:1035F0009A60DA601A615A614FF48050FFF7AEFFAB
:103600000220FFF793FF08233B6002237B60002327
:10361000BB600023FB6000233B6105237B613B46CD
:1036200019462648FDF7F9F910233B6002237B6019
:103630000023BB600023FB6000233B6105237B610B
:103640003B4619461D48FDF7E8F920233B6002235D
:103650007B600023BB600023FB6000233B610523EC
:103660007B613B4619461548FDF7D7F90023BB613E
:103670004FF48273FB614FF4E0633B6200237B6293
:103680000023BB624FF40073FB6220233B630023E3
:103690007B630023BB630723FB6307F11803194611
:1036A0000748FDF7E0FE00210548FFF76FFF0448DB
:1036B000FFF77FFF00BF4037BD4680BD00040048D4
:1036C0000030014080B400AF044BDB681B0A03F0FC
:1036D00007031846BD465DF8047B704700ED00E027
:1036E00080B483B000AF0346FB7197F90730002B1D
:1036F0000BDBFB7903F01F02074997F907305B09E1
:10370000012000FA02F241F8232000BF0C37BD4629
:103710005DF8047B704700BF00E100E080B483B037
:1037200000AF03463960FB7197F90730002B0ADBC5
:103730003B68DAB20C4997F907301201D2B20B4458
:1037400083F800230AE03B68DAB20849FB7903F00A
:103750000F03043B1201D2B20B441A7600BF0C37A0
:10376000BD465DF8047B704700E100E000ED00E03D
:1037700080B489B000AFF860B9607A60FB6803F08C
:103780000703FB61FB69C3F10703042B28BF042374
:10379000BB61FB690433062B02D9FB69033B00E0E4
:1037A00000237B614FF0FF32BB6902FA03F3DA4377
:1037B000BB681A407B699A404FF0FF317B6901FA80
:1037C00003F3D9437B680B40134318462437BD46A7
:1037D0005DF8047B7047000080B485B000AF78606E
:1037E000084B9A6D07497B6813438B65054B9A6DAF
:1037F0007B681340FB60FB6800BF1437BD465DF873
:10380000047B70470010024080B483B000AF786042
:103810007B681B6823F080027B681A6000BF0C374E
:10382000BD465DF8047B704780B485B000AF78601A
:1038300039603B68012B2ED03B68042B29D03B68B4
:10384000102B24D03B68402B1FD03B68B3F5807F02
:1038500019D03B68B3F5806F13D03B68B3F5805F38
:103860000DD03B68B3F5804F07D03B68B3F5803F80
:1038700001D1082310E009230EE007230CE0062302
:103880000AE0052308E0042306E0032304E0022302
:1038900002E0012300E00023FB737B681833194624
:1038A000FB7B0B4AD35C0B44BB60BB681A68FB7B99
:1038B0000849CB5C194604238B40DB431A40BB68A4
:1038C0001A6000BF1437BD465DF8047B704700BF27
:1038D00098AD0008A4AD000880B485B000AF786052
:1038E00039603B68012B2ED03B68042B29D03B6804
:1038F000102B24D03B68402B1FD03B68B3F5807F52
:1039000019D03B68B3F5806F13D03B68B3F5805F87
:103910000DD03B68B3F5804F07D03B68B3F5803FCF
:1039200001D1082310E009230EE007230CE0062351
:103930000AE0052308E0042306E0032304E0022351
:1039400002E0012300E00023FB737B681833194673
:10395000FB7B0A4AD35C0B44BB60BB681A68FB7BE9
:103960000749CB5C194608238B401A43BB681A6091
:1039700000BF1437BD465DF8047B704798AD000862
:10398000A4AD000880B483B000AF786039607B6874
:103990009B6823F4A03323F007033A681A437B683B
:1039A0009A6000BF0C37BD465DF8047B704780B459
:1039B00083B000AF786039607B685B6823F0007388
:1039C00023F070033A681A437B685A6000BF0C37D3
:1039D000BD465DF8047B704780B483B000AF78606B
:1039E0007B689B6823F080027B689A6000BF0C377D
:1039F000BD465DF8047B704780B58EB000AF07F11F
:103A0000240300221A605A609A60DA601A613B1D32
:103A100020220021184606F025F90120FFF7DCFEE0
:103A2000FFF750FE0346002201211846FFF7A0FED3
:103A3000034619461C20FFF771FE1C20FFF750FEBD
:103A40005423BB840023BB623123FB6200233B630E
:103A500007F1240319464FF08040FDF7F5FD4FF0C4
:103A60008040FFF7D1FE00214FF08040FFF78AFF32
:103A700010214FF08040FFF72FFF70237B60002361
:103A8000BB600023FB6019233B6100237B613B1D6E
:103A90001A4610214FF08040FDF778FE10214FF0BC
:103AA0008040FFF7C1FE50214FF08040FFF77FFFBD
:103AB0004FF08040FFF790FF00BF3837BD4680BD14
:103AC00080B483B000AF7860094BD3F888207B685E
:103AD0001B0CDB431A407B689BB205491343C1F8BA
:103AE000883000BF0C37BD465DF8047B704700BFCF
:103AF0000010024080B485B000AF7860084BDA6CEB
:103B000007497B681343CB64054BDA6C7B68134031
:103B1000FB60FB6800BF1437BD465DF8047B70474F
:103B20000010024080B485B000AF7860084B1A6E78
:103B300007497B6813430B66054B1A6E7B6813407D
:103B4000FB60FB6800BF1437BD465DF8047B70471F
:103B50000010024080B483B000AF78607B681B68BF
:103B600043F001027B681A6000BF0C37BD465DF868
:103B7000047B704780B483B000AF78607B681B68BB
:103B800023F000527B681A6000BF0C37BD465DF819
:103B9000047B704780B489B000AF786039607B687F
:103BA0000833FB60FB6853E8003FBB60BB6823F051
:103BB00060423B685B071343FB617B680833FA692B
:103BC000BA617B617969BA6941E800233B613B696D
:103BD000002BE4D100BF00BF2437BD465DF8047B55
:103BE000704780B489B000AF786039607B68083373
:103BF000FB60FB6853E8003FBB60BB6823F060627A
:103C00003B685B061343FB617B680833FA69BA6162
:103C10007B617969BA6941E800233B613B69002B0C
:103C2000E4D100BF00BF2437BD465DF8047B704778
:103C300080B483B000AF78607B685B6823F4904207
:103C40007B685A607B689B6823F02A027B689A60D5
:103C500000BF0C37BD465DF8047B704780B483B06D
:103C600000AF78607B68DB6903F08003802B01D1B3
:103C7000012300E0002318460C37BD465DF8047BA5
:103C8000704780B483B000AF78607B68DB6903F471
:103C90000013B3F5001F01D1012300E000231846F3
:103CA0000C37BD465DF8047B704780B483B000AF2D
:103CB00078607B68DB6903F48003B3F5800F01D182
:103CC000012300E0002318460C37BD465DF8047B55
:103CD000704780B483B000AF78600B46FB70FA7811
:103CE0007B689A6200BF0C37BD465DF8047B704765
:103CF00080B58EB000AF07F11803202200211846CE
:103D000005F0B0FF3B4600221A605A609A60DA6004
:103D10001A615A614FF44030FFF7D2FE4FF48040F1
:103D2000FFF700FF0220FFF7E5FE40233B60022380
:103D30007B600023BB600023FB6000233B61072303
:103D40007B613B4619462748FCF767FE80233B60B2
:103D500002237B600023BB600023FB6000233B61E8
:103D600007237B613B4619461E48FCF756FE00239D
:103D7000BB614FF4E133FB6100233B6200237B62B4
:103D80000023BB620C23FB6200233B6300237B63A5
:103D900007F1180319461448FEF7EEF800211248FF
:103DA000FFF7F8FE00211048FFF71BFF0E48FFF752
:103DB000E1FE0D48FFF73CFF0B48FFF7CBFE00BFCD
:103DC0000948FFF75EFF0346002BF9D00648FFF7CE
:103DD0006CFF0346002BF3D000BF00BF3837BD4651
:103DE00080BD00BF000400480038014080B582B0AB
:103DF00000AF78607B680A2B0AD100BF0D48FFF73F
:103E00002DFF0346002BF9D00D210A48FFF761FF73
:103E100000BF0848FFF722FF0346002BF9D07B685C
:103E2000DBB219460348FFF754FF7B681846083792
:103E3000BD4680BD0038014080B483B000AF7860DB
:103E40007B689B6903F00803082B01D1012300E084
:103E5000002318460C37BD465DF8047B704780B4DC
:103E600083B000AF78607B689B6903F01003102B70
:103E700001D1012300E0002318460C37BD465DF850
:103E8000047B704780B483B000AF78607B689B6927
:103E900003F02003202B01D1012300E0002318466A
:103EA0000C37BD465DF8047B704780B483B000AF2B
:103EB00078607B689B6903F48073B3F5807F01D1E0
:103EC000012300E0002318460C37BD465DF8047B53
:103ED000704780B483B000AF78607B689B6903F45F
:103EE0000073B3F5007F01D1012300E000231846E1
:103EF0000C37BD465DF8047B704780B483B000AFDB
:103F000078607B689B6903F48063B3F5806F01D1AF
:103F1000012300E0002318460C37BD465DF8047B02
:103F2000704780B483B000AF78607B68DB6943F092
:103F300008027B68DA6100BF0C37BD465DF8047B80
:103F4000704780B483B000AF78607B68DB6943F072
:103F500010027B68DA6100BF0C37BD465DF8047B58
:103F6000704780B483B000AF78607B68DB6943F052
:103F700020027B68DA6100BF0C37BD465DF8047B28
:103F8000704780B483B000AF78607B68DB6943F42E
:103F900080727B68DA6100BF0C37BD465DF8047B38
:103FA000704780B483B000AF78607B68DB6943F40E
:103FB00000727B68DA6100BF0C37BD465DF8047B98
:103FC000704780B483B000AF78607B68DB6943F4EE
:103FD00080627B68DA6100BF0C37BD465DF8047B08
:103FE000704780B400AF00BFFDE780B400AF00BFF2
:103FF000FDE780B400AF00BFFDE780B400AF00BFB5
:10400000FDE780B400AF00BFFDE780B400AF00BFA4
:10401000BD465DF8047B704780B400AF00BFBD466D
:104020005DF8047B704780B400AF00BFBD465DF80B
:10403000047B704780B400AF00BFBD465DF8047BD1
:10404000704780B500AF03F0AFFD00BF80BD80B505
:1040500000AF03F0AFFD00BF80BD000080B500AF32
:104060000E48FFF7E9FE0346002B02D00B48FFF78E
:1040700058FF0A48FFF7F3FE0346002B02D007481B
:10408000FFF75FFF0548FFF7FDFE0346002B02D058
:104090000248FFF766FF00BF80BD00BF0058004028
:1040A00080B500AF0E48FFF700FF0346002B02D09B
:1040B0000B48FFF766FF0A48FFF70BFF0346002B8C
:1040C00002D00748FFF76DFF0548FFF716FF0346CC
:1040D000002B02D00248FFF774FF00BF80BD00BF75
:1040E0000058004080B586B000AF7860144A154B88
:1040F000D31A7B617B693B61134B1B68002B02D198
:10410000114B124A1A60104B1A687B6813443A69C3
:104110009A4207D205F01AFE03460C221A604FF0AD
:10412000FF3309E0084B1B68FB60074B1A687B688C
:104130001344054A1360FB6818461837BD4680BD16
:10414000000002200004000044010020303B002059
:1041500080B586B000AFF860B9607A6000237B61FB
:104160000AE0AFF300800146BB685A1CBA60CAB2CD
:104170001A707B6901337B617A697B689A42F0DB54
:104180007B6818461837BD4680BD80B586B000AF45
:10419000F860B9607A6000237B6109E0BB685A1C53
:1041A000BA601B781846FFF721FE7B6901337B61FB
:1041B0007A697B689A42F1DB7B6818461837BD46FE
:1041C00080BD80B483B000AF78604FF0FF331846F5
:1041D0000C37BD465DF8047B704780B483B000AFF8
:1041E000786039603B684FF400525A6000231846EB
:1041F0000C37BD465DF8047B704780B483B000AFD8
:104200007860012318460C37BD465DF8047B704783
:1042100080B485B000AFF860B9607A6000231846BA
:104220001437BD465DF8047B704700000D48854695
:10423000FCF736FA0C480D490D4A002302E0D45829
:10424000C4500433C4188C42F9D30A4A0A4C0023E0
:1042500001E013600432A242FBD305F07DFDFEF7BE
:10426000FBF8FEE7000002200000002024010020EF
:104270009CAE0008240100202C3B0020FEE700003B
:1042800080B500AF044A0021002001F098FE0348E9
:1042900000F006F800BF80BDA8AB0008B8030020FE
:1042A00080B582B000AF78606420FCF733FA00F08C
:1042B000D5FC00F097F802F0DBFB414A002100201A
:1042C00001F07DFE3F4A138843F4005313803E4BB8
:1042D0001B681A467B68DA617B681B6807EE903AB8
:1042E000F8EEE77A7B6893ED0B7A7B68D3ED096A89
:1042F0007B6893ED0A6A7B68DB691846F0EE461A24
:10430000B0EE661AF0EE470AB0EE670A01F0A6FCBE
:104310002C4A138843F0010313802A4A138843F080
:104320000203138004F094F804F0C0F9254B1B88B5
:10433000C3F34003DBB2002B28D0244B93ED0D7A5E
:10434000234BD3ED0D7A77EE277AB6EE007A67EE3F
:10435000877A204BC3ED007A1F4BC3ED007A1B4BCD
:1043600093ED0F7A1A4BD3ED0F7A77EE277AB6EEEC
:10437000007A67EE877A194BC3ED007A1549164823
:1043800004F016FA1449134804F012FA144B1B688F
:10439000002BC7D005F00CF80346002B0BD102F020
:1043A00095FC0346002B06D1786800F0ADFD0C4B60
:1043B00000221A60B6E700BF0837BD4680BD00BFC7
:1043C000B4AB000820390020743900206838002080
:1043D0000C380020F0370020D43700205839002056
:1043E000A439002080B582B000AF00237B60002399
:1043F0007B600CE07B68342202FB03F3094A134420
:104400007968184600F09AF87B6801337B607A6817
:10441000054B1B689A42EDD900BF00BF0837BD4667
:1044200080BD00BFB8030020A039002080B584B053
:1044300000AF78607B68FB603C4B1B889BB201330C
:104440009AB23A4B1A80394B1B889BB21A463423D6
:1044500002FB03F3FA6813445B6903F00903002BC2
:1044600005D0334A138843F48063138004E0304A54
:10447000138823F4006313802C4B1B889BB21A46CD
:10448000342302FB03F3FA6813441B6807EE903AE7
:10449000F8EEE77A254B1B889BB21A46342302FBC1
:1044A00003F3FA68134493ED0B7A204B1B889BB2FD
:1044B0001A46342302FB03F3FA681344D3ED096A66
:1044C0001A4B1B889BB21A46342302FB03F3FA688B
:1044D000134493ED0A6A154B1B889BB21A4634238A
:1044E00002FB03F3FA681344DB691846F0EE461A40
:1044F000B0EE661AF0EE470AB0EE670A01F0AEFBC6
:1045000000F042FD0B4B4FF000029A63094B9B6B8E
:10451000094A9363074B4FF000025A64054B5B6CEA
:10452000054A536400BF1037BD4680BDD439002012
:1045300020390020683800200C38002080B582B077
:1045400000AF786039607B685B6903F00103002B82
:1045500005D17B685B6903F00803002B04D0396840
:10456000786800F00BF804E03968786800F042F9E8
:1045700000BF00BF0837BD4680BD000080B584B0D5
:1045800000AF786039604FF00003FB604FF000032C
:10459000BB603B68002B03DD7B68343B9B6A01E01A
:1045A0004FF000037A6813627B685B6903F00803CD
:1045B000002B0ED17B6803F134023B6801331946AE
:1045C0001046FFF7BBFF7B6834331A6A7B689A6238
:1045D00016E0834B1B6807EE903AF8EE677A7B682B
:1045E000C3ED0A7A7E4B1B6807EE903AF8EE677AC5
:1045F0007B68C3ED0A7A7B6834337A68926A1A6200
:104600007B681B68B3F5FA6F17DD764B1A687B6819
:10461000DA617B685B6903F00803002B1BD07B68C1
:10462000DB6940F6B832934202DC6E4B1B6801E056
:1046300040F6B8337A68D3610DE07B681B68B3F548
:104640007A7F04DD684B1A687B68DA6103E0674BA8
:104650001A687B68DA613B68002B0AD17B68DB69EA
:1046600041F27C52934204DD7B6841F28832DA6188
:1046700009E07B685B6903F00803002B03D07B68CB
:1046800040F6B832DA617B6893ED087A7B68D3ED47
:104690000A7AB4EEE77AF1EE10FA02DD7B681B6A63
:1046A00001E07B689B6AFB607B6893ED087A7B681E
:1046B000D3ED0A7AB4EEE77AF1EE10FA02DD7B6808
:1046C0009B6A01E07B681B6ABB607B68D3ED087A5C
:1046D0007B6893ED0A7A7B68DA697B683033194628
:1046E0001046F0EE470AB0EE670A00F067FA7B6802
:1046F00093ED0C7A7B681B6807EE903AF8EEE77A48
:10470000B4EEE77AF1EE10FA3ADB7B681B6807EE4D
:10471000903AF8EEE77A7B68C3ED0B7A7B681B680A
:1047200007EE903AF8EEE77A97ED027A7B68DA695D
:104730007B68243319461046B0EE471ADFED2C0A89
:10474000B0EE670A00F0BCF97B6893ED087A7B68ED
:10475000D3ED0A7AB4EEE77AF1EE10FA04DD7B6865
:104760005A6A7B681A6203E07B685A6A7B689A62BD
:104770003B68002B2FD17B684FF000021A622AE0C1
:104780007B681B6807EE903AF8EEE77A7B6893ED5A
:104790000C7AD7ED036A7B68DA697B6824331946A3
:1047A0001046B0EE661AF0EE470AB0EE670A00F067
:1047B00087F97B68D3ED097A7B6893ED0A7A7B6889
:1047C000DA697B682C3319461046F0EE470AB0EEE2
:1047D000670A00F0F3F900BF1037BD4680BD00BF87
:1047E00080390020C0390020C4390020C839002099
:1047F0000000000080B483B000AF786039607B684F
:1048000040F6B832DA617A4B1B6807EE903AF8EE60
:10481000677A7B68C3ED087A7B681A6A7B689A625C
:104820007B689A6A7B685A627B6840F6B832DA61C4
:104830007B685B6903F01003002B1ED06C4B1B6878
:104840006C4A1268934206D96A4B1B6807EE903A8D
:10485000F8EE677A05E0664B1B6807EE903AF8EED3
:10486000677A7B68C3ED087A7B681A6A7B689A620C
:104870007B689A6A7B685A6297E07B685B6903F0A1
:104880002003002B1ED05A4B1B685B4A12689342D0
:1048900006D9594B1B6807EE903AF8EE677A05E0A7
:1048A000534B1B6807EE903AF8EE677A7B68C3EDCE
:1048B000087A7B681A6A7B689A627B689A6A7B6866
:1048C0005A6272E07B685B6903F04003002B1ED0E4
:1048D000474B1B68494A1268934206D9474B1B68ED
:1048E00007EE903AF8EE677A05E0414B1B6807EE59
:1048F000903AF8EE677A7B68C3ED087A7B681A6AAB
:104900007B689A627B689A6A7B685A624DE07B6832
:104910005B6903F08003002B1ED0354B1B68384ABF
:104920001268934206D9364B1B6807EE903AF8EEB0
:10493000677A05E02E4B1B6807EE903AF8EE677A2F
:104940007B68C3ED087A7B681A6A7B689A627B6829
:104950009A6A7B685A6228E07B685B6903F480731B
:10496000002B11D0274B1B6807EE903AF8EEE77A40
:104970007B68C3ED087A7B681A6A7B689A627B68F9
:104980009A6A7B685A6210E0194B1B6807EE903AEE
:10499000F8EE677A7B68C3ED087A7B681A6A7B68F1
:1049A0009A627B689A6A7B685A627B685B693F2B74
:1049B0002EDD7B6834335B693F2B29DD7B6840F655
:1049C000B832DA617B68D3ED087A9FED107AF4EEA5
:1049D000C77AF1EE10FA02DB7B680B4A1A627B6839
:1049E0001A6A7B689A627B689A6A7B685A6231E0CD
:1049F00078390020AC390020B0390020B4390020CB
:104A0000B8390020BC3900200080094500800945E4
:104A10007B68343B5B693F2B1CDD7B685B693F2B0C
:104A200018DD7B6840F6B832DA617B68D3ED087A2E
:104A30001FED0A7AF4EEC77AF1EE10FA02DB7B681A
:104A40001D4A1A627B681A6A7B689A627B689A6A56
:104A50007B685A627B68343B5B6903F00103002B7F
:104A600023D07B685B691F2B1FDD7B6834335B6958
:104A700003F00103002B18D07B6840F6B832DA61EE
:104A80007B68D3ED087A9FED0D7AF4EEC77AF1EEEC
:104A900010FA02DB7B68084A1A627B681A6A7B6834
:104AA0009A627B689A6A7B685A6200BF0C37BD467F
:104AB0005DF8047B704700BF008009450080094510
:104AC00080B588B000AF87ED050AC7ED040A87ED11
:104AD000031AB860796097ED057AD7ED047A77EE1E
:104AE000677AC7ED057A97ED057ADFED2F6AC7EE95
:104AF000267AC7ED057A97ED037ADFED2C6AC7EECB
:104B0000267AC7ED037ABB6807EE903AB8EEE77AEB
:104B1000DFED266AC7EE267AC7ED077AD7ED037A6E
:104B200027EEA77AD7ED077A77EEA76AD7ED057A51
:104B300066EEA77A77EE277AB0EE670A04F0E8FD12
:104B4000F0EE407A9FED197A67EE877A7B68C3EDC5
:104B5000007A7B68D3ED007A9FED157AF4EEC77A80
:104B6000F1EE10FA03DD7B68124A1A6017E07B68E9
:104B700093ED007A104B1B6807EE903AF8EE677AD7
:104B8000B4EEE77AF1EE10FA00D408E00A4B1B68A5
:104B900007EE903AF8EE677A7B68C3ED007A00BFC3
:104BA0002037BD4680BD00BF0000FA4400007A44B3
:104BB00000A08C4500A08C457839002080B487B0D7
:104BC00000AF87ED030AC7ED020A7860396097ED00
:104BD000037ADFED216AC7EE267AC7ED037A97EDF7
:104BE000027ADFED1D6AC7EE267AC7ED027A7B688E
:104BF00007EE903AB8EEE77ADFED176AC7EE267A4D
:104C0000C7ED057AD7ED057AF5EE407AF1EE10FAA8
:104C100002D14FF07E537B61D7ED037A27EEA77A5E
:104C2000D7ED027A67EEA77A77EE677AF0EEE76A59
:104C3000D7ED057A37EEA77AC6EE877A9FED067A2A
:104C400067EE877A3B68C3ED007A00BF1C37BD462C
:104C50005DF8047B704700BF00007A4480B582B0E5
:104C600000AF00237B6000237B600CE07B68342274
:104C700002FB03F3094A13447968184600F012F85E
:104C80007B6801337B607A68054B1B689A42EDD9DB
:104C900000BF00BF0837BD4680BD00BFB80300207D
:104CA000A039002080B487B000AF7860396000235D
:104CB0003B6100237B613B68002B02D17B680122B2
:104CC0005A607B685B6803F00103002B3ED07B6871
:104CD0005B6803F00803002B38D17B6801225A611E
:104CE0007B6800229A613B68002B00F005817B689D
:104CF0001B68B3F5C87F1EDD7B681B687A68343A91
:104D0000926907EE902AB8EEE77A7E4AD2ED007AF1
:104D100067EE277AFDEEE77A17EE902A9B1A7B6101
:104D20007B69002B0EDC7B681B687B617B68343BF6
:104D300000229A6106E07B681B687B617B68343BDC
:104D400000229A617B687A691A60D5E07B685B68AB
:104D500003F00103002B40F0CA807B685B6803F01E
:104D60000803002B40F0C3807B681B68F02B13DC2A
:104D70007B685B6843F010027B685A617B68343360
:104D80005B6803F00103002B02D04FF4967200E041
:104D900000227B689A61AFE07B681B68B3F5E17F16
:104DA00013DC7B685B6843F020027B685A617B6898
:104DB00034335B6803F00103002B02D040F226225B
:104DC00000E000227B689A6196E07B681B68B3F57F
:104DD000347F13DC7B685B6843F040027B685A6178
:104DE0007B6834335B6803F00103002B02D040F290
:104DF000EE2200E000227B689A617DE07B681B6800
:104E000040F24C42934267DD7B68DA687B689B68BE
:104E10009342B8BF1346FB607B689A687B68DB6887
:104E20009342A8BF13463B613B69002B40D0FA6810
:104E30003B6992FBF3F3012B3ADC7B685B6843F43C
:104E400080727B685A617B6800229A613B68002B04
:104E50004CD07B681B68B3F5C87F1EDD7B681B6880
:104E60007A68343A926907EE902AB8EEE77A254AD2
:104E7000D2ED007A67EE277AFDEEE77A17EE902AF8
:104E80009B1A7B617B69002B0EDC7B681B687B6156
:104E90007B68343B00229A6106E07B681B687B617B
:104EA0007B68343B00229A617B687A691A601DE056
:104EB0007B685B6843F080027B685A617B683433AF
:104EC0005B6803F00103002B02D04FF4487200E04E
:104ED00000227B689A610FE07B685B6843F0800288
:104EE0007B685A617B6800229A6105E004E07B6878
:104EF0005A687B685A6100BF00BF1C37BD465DF829
:104F0000047B70476439002080B485B000AF7860BE
:104F10007B68FB60194B1B88C3F38023DBB2002B3B
:104F200026D0174B1B680133154A1360154B1B889D
:104F30009BB21A46342302FB03F3343BFA68134452
:104F40009A690F4B1B689A4204DB0E4B1B889BB27D
:104F5000002B0ED1094A138843F400731380074ACB
:104F6000138823F480631380054B00221A6000E04D
:104F700000BF1437BD465DF8047B70472039002020
:104F8000CC390020D439002080B400AF184B1B88E6
:104F9000C3F38013DBB2002B24D1154B1B88C3F362
:104FA0000003DBB2002B1DD0114B1B88C3F3402341
:104FB000DBB2002B17D00E4A138843F40063138032
:104FC0000C4B1B889BB219460B4A342301FB03F39D
:104FD000134424331B68094AD360084BDB68084A32
:104FE000D36000E000BFBD465DF8047B704700BFA2
:104FF00020390020D4390020B80300200C380020CC
:105000006838002080B5B8B000AF684B1B6903F06A
:105010008003002B11D18720FBF77CFB644B1B68BE
:105020000133634A1360634B00221A60604B1B68B4
:10503000022B02DD5E4B00221A605F4B1B6903F4FA
:105040000043002B13D18720FBF764FB594B1B68EF
:105050000133584A1360564B1B68584AD35C1A46B2
:10506000544B1B689A4202DC524B00221A604F4B91
:105070001B6903F04003002B12D18720FBF74AFB8A
:105080004C4B1B68013B4B4A13604A4B1B68002B7F
:1050900006DA474B1B68494AD35C013B454A13601B
:1050A000424B1B6903F48073002B10D18720FBF760
:1050B00031FB3F4B1A683F4B1968414813469B0030
:1050C00013440B4450F82330984700F047FF00F09A
:1050D000DBFF3C4BC7F8DC30354B1B68002B03D1A2
:1050E000394BC7F8DC300EE0314B1B68012B03D184
:1050F000364BC7F8DC3006E02D4B1B68022B02D183
:10510000334BC7F8DC3007F18000D7F8DC30314A88
:10511000202104F05FFC07F180031846FBF764FAD6
:105120000346C3F11503DA0F13445B10C7F8D830F8
:10513000D7F8D830002B02DA0023C7F8D830D7F8D8
:10514000D830142B02DD1423C7F8D830D7F8D82074
:1051500007F1A0032021184604F084FD07F1A00206
:10516000D7F8D830134400221A70D7F8D83007F196
:10517000A002D018D7F8D830C3F1280107F1800376
:10518000154A04F027FC0A4B1B680C4AD35C87F8CD
:10519000CB30002387F8D73036E0064B1B68DBB2F4
:1051A00097F8D7209A4219D12A2218E0000800481F
:1051B000480100204C010020000C0048B0AD000860
:1051C0008C000020C0AB0008C4AB0008CCAB0008CA
:1051D000D4AB0008DCAB0008E8AB00086F2297F8FE
:1051E000D7305B00E0333B4403F8942C97F8D7307A
:1051F0005B000133E0333B44202203F8942C97F802
:10520000D730013387F8D73097F8D72097F8CB30CD
:105210009A42C2D397F8CB305B00013BE0333B446A
:10522000002203F8942C07F14C031846FBF7DCF935
:105230000346C3F11503DA0F13445B10C7F8D030EF
:10524000D7F8D030002B02DA0023C7F8D030D7F8D7
:10525000D030142B02DD1423C7F8D030D7F8D0207B
:1052600007F158032021184604F0FCFC07F158020E
:10527000D7F8D030134400221A70D7F8D03007F195
:105280005802D018D7F8D030C3F1280107F14C03E9
:10529000334A04F09FFB334B1968334B1B681A46A3
:1052A000D2001A440B465B000B441901C91A53186B
:1052B0002E4A1344381D2E4A202104F08BFB3B1D3F
:1052C0001846FBF791F90346C3F11503DA0F1344AF
:1052D0005B10C7F8CC30D7F8CC30002B02DA0023B3
:1052E000C7F8CC30D7F8CC30142B02DD1423C7F824
:1052F000CC30D7F8CC2007F124032021184604F045
:10530000B1FC07F12402D7F8CC30134400221A7004
:10531000D7F8CC3007F12402D018D7F8CC30C3F13D
:1053200028013B1D0E4A04F055FB07F1A0031A4665
:105330000021002000F02BFE07F158031A4600213F
:10534000012000F024FE07F124031A460021022068
:1053500000F01DFE00F014FE00BFE037BD4680BD2A
:10536000E8AB0008480100204C01002004000020A8
:10537000ECAB000880B500AF00F0E6FD02F0E8F805
:10538000FFF740FE0120FBF7C5F900BFF8E700007A
:1053900080B500AF33E0224B1B68224A0021002079
:1053A00000F00DFE204B1B6903F40043002B09D1D4
:1053B0008720FBF7AFF91A4B1B6803F5FA73184AFD
:1053C00013601CE0194B1B6903F04003002B09D14B
:1053D0008720FBF79FF9124B1B68A3F5FA73104A5D
:1053E00013600CE0114B1B6903F48073002B06D192
:1053F0008720FBF78FF90A4B4FF4FA521A600B4BD8
:105400001B6903F08003002BC5D101F08FF8084B16
:1054100002221A60074B02221A6000BF80BD00BF43
:105420007C390020F4AB0008000C0048000800485C
:10543000243900202839002080B500AF344B0022E9
:105440001A6023E0334B1B68334A0021002000F030
:10545000B6FD324B1B6903F40043002B08D17D20BD
:10546000FBF758F92B4B1B6864332A4A13600DE095
:105470002B4B1B6903F04003002B07D17D20FBF76A
:1054800049F9244B1B68643B224A1360244B1B6977
:1054900003F08003002BD5D19620FBF73BF923E0E6
:1054A000204B1B681C4A0021002000F088FD1B4B8C
:1054B0001B6903F40043002B08D17D20FBF72AF978
:1054C000184B1B686433174A13600DE0144B1B69BB
:1054D00003F04003002B07D17D20FBF71BF9114B94
:1054E0001B68643B0F4A13600D4B1B6903F080037C
:1054F000002BD5D100F0E8FF054B02221A600A4BC1
:1055000000221A606420FBF705F900BF80BD00BFD0
:105510002439002074390020FCAB0008000C00483E
:1055200000080048C03900202839002080B500AFAD
:1055300025E0204B1B88204A0021002000F03FFD81
:105540001E4B1B6903F40043002B09D17D20FBF7A0
:10555000E1F8184B1B880A339AB2164B1A800EE0FA
:10556000174B1B6903F04003002B08D17D20FBF78C
:10557000D1F8104B1B880A3B9AB20E4B1A80104B85
:105580001B6903F08003002BD3D101F011FA0D4BFE
:1055900003221A600C4B00221A600C494FF00002E3
:1055A0004FF00003C1E900236420FBF7B3F800BF0C
:1055B00080BD00BFDC39002004AC0008000C0048AE
:1055C00000080048243900202839002048390020EC
:1055D00080B500AF2AE0224B1B88224A0021002020
:1055E00000F0EDFC204B1B6903F40043002B09D1B4
:1055F0007D20FBF78FF81A4B1B880A339AB2184BA1
:105600001A8013E0194B1B6903F04003002B0DD1E6
:105610007D20FBF77FF8164B1B680A3B144A13608A
:105620000F4B1B880A3B9AB20D4B1A800F4B1B691C
:1056300003F08003002BCED101F0EAF90D4B0422D8
:105640001A600D4B00221A600C494FF000024FF017
:105650000003C1E900236420FBF75CF800BF80BDB4
:10566000DE3900200CAC0008000C0048000800489F
:1056700034390020243900202839002048390020FE
:1056800080B500AF25E01A4B1B881A4A0021002084
:1056900000F095FC184B1B6903F40043002B09D163
:1056A0007D20FBF737F8124B1B8801339AB2104B61
:1056B0001A800EE0114B1B6903F04003002B08D148
:1056C0007D20FBF727F80A4B1B88013B9AB2084B59
:1056D0001A800A4B1B6903F08003002BD3D1084BBF
:1056E00003221A60074B02221A6000BF80BD00BF70
:1056F000DA39002014AC0008000C0048000800480B
:10570000243900202839002080B500AF224B002228
:105710001A6023E0214B1B68214A0021002000F081
:105720004EFC204B1B6903F40043002B08D17D2065
:10573000FAF7F0FF194B1B683233184A13600DE07B
:10574000194B1B6903F04003002B07D17D20FAF7AA
:10575000E1FF124B1B68323B104A1360124B1B696E
:1057600003F08003002BD5D10C4B1B6807EE903A59
:10577000B8EE677ADFED0D6AC7EE267A0C4BC3ED03
:10578000007A00F06FFE044B01221A60094B0022E0
:105790001A6000BF80BD00BF243900207839002086
:1057A0001CAC0008000C0048000800480000004342
:1057B000643900202839002080B500AF034800F08C
:1057C00009F8034800F006F800BF80BD0C3800203F
:1057D0006838002080B582B000AF78605C2200217C
:1057E000786804F03FFA214B1B6807EE903AF8EE18
:1057F000677A7B68C3ED007A7B684FF000021A621B
:105800001B4B1B6807EE903AF8EE677A7B68C3ED96
:10581000037A7B684FF000025A607B684FF0000209
:105820009A607B684FF000021A617B684FF00002BB
:105830005A617B684FF07E529A617B684FF000029C
:10584000DA617B684FF000025A627B680022DA62FC
:105850007B6800221A867B6800229A627B684FF080
:105860000002DA6300BF0837BD4680BD74390020EE
:105870007839002080B584B000AF78607B6893ED04
:10588000047A7B68D3ED037AB4EEE77AF1EE10FA8E
:1058900063D57B681A697B689A607B68D3ED007A70
:1058A0009FED677A67EE877A7B68C3ED057A7B6840
:1058B00093ED057A7B68D3ED026A7B68D3ED027ABB
:1058C00066EEA77A77EE277AB0EE670A03F020FF3C
:1058D000F0EE407A7B68C3ED047A7B6893ED007A42
:1058E000F7EE006AC6EE877A7B68C3ED087A7B68BC
:1058F00093ED047A7B68D3ED027A37EE677A7B68A2
:10590000D3ED087A67EE277A7B68C3ED097A7B6866
:10591000D3ED097A9FED4B7A27EE877A7B68D3ED3A
:10592000067A67EE277AFCEEE77A17EE902A7B6814
:10593000DA627B6800229A627B6893ED037A7B6867
:10594000D3ED047AB4EEE77AF1EE10FA00D973E001
:105950007B68DA687B681A616EE07B681A697B682D
:105960009A607B68D3ED007A9FED357A67EE877A8F
:105970007B68C3ED057A7B6893ED027A7B68D3ED93
:10598000027A27EE277A7B68D3ED057A77EE677A7D
:10599000C7ED037AD7ED037AF5EEC07AF1EE10FA8F
:1059A00006DD97ED030A03F0B3FEF0EE407A01E066
:1059B000DFED257A7B68C3ED047A7B6893ED007A8E
:1059C000F7EE006AC6EE877A7B68C3ED087A7B68DB
:1059D00093ED027A7B68D3ED047A37EE677A7B68C1
:1059E000D3ED087A67EE277A7B68C3ED097A7B6886
:1059F000D3ED097A9FED137A27EE877A7B68D3ED92
:105A0000067A67EE277AFCEEE77A17EE902A7B6833
:105A1000DA627B6800229A627B6893ED037A7B6886
:105A2000D3ED047AB4EEE77AF1EE10FA00DA03E08F
:105A30007B68DA687B681A6100BF1037BD4680BD9D
:105A4000F7E9D23F00401C470000000080B582B05B
:105A500000AF78607B68D3ED0D7A9FED207A77EE0A
:105A6000877A7B68C3ED0D7A7B68D3ED0F7A9FED63
:105A70001B7A77EE877A7B68C3ED0F7A7B68D3ED6C
:105A80000E7A9FED167A77EE877A7B68C3ED0E7AF1
:105A90007B68D3ED117A9FED117A77EE877A7B6878
:105AA000C3ED117A0E4B93ED147A0D4BD3ED117AB1
:105AB00077EE677A0A4BC3ED137A0A4B93ED147AAB
:105AC000084BD3ED117A77EE677A064BC3ED137A64
:105AD00000F058F800BF0837BD4680BDF7E9523FD7
:105AE000683800200C38002080B582B000AF7860A4
:105AF0007B68D3ED0D7A9FED207A77EE877A7B680D
:105B0000C3ED0D7A7B68D3ED0F7A9FED1B7A77EEAC
:105B1000877A7B68C3ED0F7A7B68D3ED0E7A9FEDB1
:105B2000167A77EE877A7B68C3ED0E7A7B68D3EDC1
:105B3000117A9FED117A77EE877A7B68C3ED117A3F
:105B40000E4B93ED147A0D4BD3ED117A77EE677A05
:105B50000A4BC3ED137A0A4B93ED147A084BD3ED3D
:105B6000117A77EE677A064BC3ED137A00F00AF8E4
:105B700000BF0837BD4680BDF7E9523F0C38002012
:105B80006838002080B400AF314BB3F85830002B98
:105B90002AD02F4B93ED127A2D4BD3ED137AF0EEE2
:105BA000E77AB4EEE77AF1EE10FA00DA4BE0294B2F
:105BB0005B6D284AD360264B5B6D254AD360244B2E
:105BC0000022A3F85820224BB3F85820214BA3F809
:105BD0005820214A138823F4007313801E4A138827
:105BE00023F4806313802EE01A4BB3F85830002B57
:105BF00029D0184B93ED127A164BD3ED137AF0EEB1
:105C0000E77AB4EEE77AF1EE10FA00DA1BE0114B16
:105C10005B6D104AD3600E4B5B6D0D4AD3600C4B2D
:105C20000022A3F858200A4BB3F85820094BA3F8D8
:105C30005820094A138823F400731380064A1388F6
:105C400023F48063138000BFBD465DF8047B70477A
:105C50000C380020683800202039002080B487B03C
:105C600000AF87ED050AC7ED040A87ED031AC7EDFB
:105C7000021A786072B600BF7B6807EE903AF8EEC1
:105C8000E77A254BC3ED007A234B1B68234A136048
:105C9000214A3B699364204B9B6C204A93641E4AC3
:105CA0007B6913651C4B1B6D1C4A13651A4AFB6804
:105CB000D360194BDB68194AD360184B93ED147A03
:105CC000164BD3ED117A77EE677A144BC3ED137A46
:105CD000114B93ED147A104BD3ED117A77EE677A6E
:105CE0000D4BC3ED137A0C4ABB6853650A4B5B6DD1
:105CF0000A4A5365084B0122A3F85820064BB3F813
:105D00005820064BA3F8582062B600BF00BF1C37CE
:105D1000BD465DF8047B70470C38002068380020D1
:105D200080B485B000AF87ED030AC7ED020A786042
:105D300072B600BF314B1B6807EE903AF8EEE77A77
:105D40009FED2F7A67EE877A2E4BC3ED007A7B6842
:105D500007EE903AF8EEE77A2B4BC3ED007A2A4B28
:105D60001B682A4A1360294AFB689364274B9B6C83
:105D7000254A9364244AFB681365234B1B6D234A11
:105D80001365214ABB68D3601F4BDB681F4AD36091
:105D90001E4B93ED147A1D4BD3ED117A77EE677A93
:105DA0001A4BC3ED137A184B93ED147A164BD3EDBF
:105DB000117A77EE677A144BC3ED137A124B4FF0DA
:105DC00000025A65104B5B6D104A53650E4B012261
:105DD000A3F858200C4BB3F858200C4BA3F85820CC
:105DE0000B4A138823F00203138062B600BF00BF82
:105DF0001437BD465DF8047B704700BFA83900200A
:105E000017B7D137503900200C38002068380020EF
:105E10002039002080B58EB000AF03463A60FB7198
:105E20000B46BB71002387F83730FB79032B7ED8F4
:105E30003B68002B7BD0FB79404AD35C002B11D010
:105E4000FB793E4AD25C013AD1B23C4AD15409E0D6
:105E500097F837305A1C87F8372038333B442022D4
:105E600003F82C2C97F83720BB799A4213D297F875
:105E70003730262BECD90EE03B685A1C3A6097F875
:105E80003720511C87F8371011461A7801F1380372
:105E90003B4403F82C2C3B681B78002B03D097F86D
:105EA0003730262BE8D997F8373038333B44002277
:105EB00003F82C2CFA7913469B001344DB00204A8C
:105EC000134407F10C012822184603F0D3FE0346C1
:105ED000002B2ED0FA7913469B001344DB00184A9E
:105EE000134407F10C012722184603F0D5FEFA7976
:105EF000134913469B001344DB000B442733002255
:105F00001A70FB790D4AD35C002B13D1F979FA7919
:105F100013469B001344DB00094A13441A46094800
:105F200003F0E0FCFB79054A1921D15402E000BFDF
:105F300000E000BF3837BD4680BD00BFF001002043
:105F40005001002024AC000880B500AF00210248B9
:105F500003F0C8FC00BF80BD34AC000880B500AFC2
:105F6000A0220021044803F07DFE04220021034802
:105F700003F078FE00BF80BD50010020F00100203A
:105F800080B400AF00BFBD465DF8047B704780B5AC
:105F900084B000AF03463A60FB710B46BB71BB791E
:105FA0001A46520013445B00FB73B979FB793A68D7
:105FB0001846FFF72FFF00BF1037BD4680BD0CB459
:105FC00080B58CB000AF03460A46FB711346BB7127
:105FD00007F13C03FB6007F11000FB68BA6B20215E
:105FE00003F0A0FD07F11002B979FB791846FFF71D
:105FF000CEFFFFF7C5FF00BF3037BD46BDE880408C
:1060000002B0704780B584B000AF78601B4B1B783E
:10601000002B06D0194B1B78013BDAB2174B1A70D4
:1060200027E07B68002B24D0154803F05BFC00239D
:10603000FB7315E0FB7B9B007A681344D3ED007A79
:10604000FDEEE77A17EE901A0E4803F04BFCFB7B4F
:106050000F2B02D02C2003F057FCFB7B0133FB738A
:10606000FB7B0F2BE6D90A2003F04EFC034B1922D1
:106070001A7000BF1037BD4680BD00BFF40100207C
:1060800060AC00086CAC000880B400AF00BFBD4637
:106090005DF8047B704780B483B000AF78607B68A4
:1060A0001B6843F040027B681A6000BF0C37BD4696
:1060B0005DF8047B704780B483B000AF78607B6884
:1060C0009B6803F00103012B01D1012300E00023B1
:1060D00018460C37BD465DF8047B704780B483B02A
:1060E00000AF78607B689B6803F00203022B01D14C
:1060F000012300E0002318460C37BD465DF8047B01
:10610000704780B483B000AF78607B689B6803F011
:106110008003802B01D1012300E0002318460C37B7
:10612000BD465DF8047B704780B483B000AF7860F3
:106130007B680C331B78DBB218460C37BD465DF824
:10614000047B704780B485B000AF78600B46FB706D
:106150007B680C33FB60FB68FA781A7000BF143759
:10616000BD465DF8047B704780B483B000AF4FF448
:1061700080537B6001E000BF00BF7B685A1E7A60DD
:10618000002BF8D100BF00BF0C37BD465DF8047B83
:106190007047000080B400AF034B80229A6100BFBB
:1061A000BD465DF8047B7047000C004880B400AF2A
:1061B000044B4FF400029A6100BFBD465DF8047BBA
:1061C000704700BF000C004880B584B000AF0346A4
:1061D000FB71164B1B6803F04003002B02D11348E0
:1061E000FFF759FF00BF1148FFF778FF0346002B68
:1061F000F9D0FB7919460D48FFF7A4FF00BF0B4803
:10620000FFF759FF0346002BF9D00848FFF78CFF32
:106210000346FB7300BF0548FFF773FF0346002BDF
:10622000F9D1FB7B18461037BD4680BD00300140D8
:1062300080B582B000AF0023FB7113E0FFF7AAFF27
:10624000FFF792FFFFF7B2FFFFF78EFFD720FFF7B0
:10625000BBFF0020FFF7B8FF0346FB71FFF79AFF73
:10626000FFF782FFFB7903F00803002BE6D000BFA5
:1062700000BF0837BD4680BD80B586B000AF7B60EB
:106280000346FB810B467B7313467B8182237B7520
:1062900000233B750023FB740023BB740023FB82A7
:1062A000FFF7C6FFFB89DB11DBB203F003033B758D
:1062B000FB895BB25B005AB27B7B1B125BB2134360
:1062C0005BB2FB747B7BBB74FFF764FFFFF74CFF93
:1062D000FFF76CFFFFF748FF7B7D1846FFF774FF61
:1062E0003B7D1846FFF770FFFB7C1846FFF76CFFFD
:1062F000BB7C1846FFF768FF0023FB820BE0FB8A9C
:106300005B007A6813441B88DBB21846FFF75CFF1A
:10631000FB8A0133FB82FA8A7B899A42EFD3FFF72B
:1063200039FFFFF721FF00BF1837BD4680BD0000D1
:1063300080B5ADF5067D00AF0023C7F814323B1DD4
:106340004FF400720021184603F08CFC0023C7F8BC
:10635000103236E04249D7F810221346DB009B1A70
:106360009B000B440433D3ED007AFCEEE77A17EE82
:10637000903AC7F80432D7F8043299B2D7F81432F9
:106380005A1CC7F81422CAB291B207F50672A2F5D8
:10639000057222F81310D7F804321B0A99B2D7F805
:1063A00014325A1CC7F81422CAB291B207F5067209
:1063B000A2F5057222F81310D7F810320133C7F88E
:1063C0001032D7F810320F2BC4DD0023C7F80C327F
:1063D00036E02349D7F80C221346DB009B1A9B00BA
:1063E0000B440833D3ED007AFCEEE77A17EE903ACF
:1063F000C7F80832D7F8083299B2D7F814325A1CC5
:10640000C7F81422CAB291B207F50672A2F5057256
:1064100022F81310D7F808321B0A99B2D7F81432B1
:106420005A1CC7F81422CAB291B207F50672A2F537
:10643000057222F81310D7F80C320133C7F80C326A
:10644000D7F80C320F2BC4DD3B1D4FF480720021B6
:106450000120FFF711FF00BF07F50677BD4680BD9D
:10646000F801002080B586B000AF0023FB823B1D01
:1064700000221A605A609A60DA60124B1B689AB266
:10648000FB8A591CF982D2B292B25B0018333B44AA
:1064900023F8142C0B4B1B681B0A9AB2FB8A591C5D
:1064A000F982D2B292B25B0018333B4423F8142C29
:1064B0003B1D082200210220FFF7DEFE00BF183737
:1064C000BD4680BD7839002080B586B000AF00237E
:1064D000FB823B1D00221A605A609A60DA60124B00
:1064E0001B689AB2FB8A591CF982D2B292B25B0045
:1064F00018333B4423F8142C0B4B1B681B0A9AB22D
:10650000FB8A591CF982D2B292B25B0018333B4429
:1065100023F8142C3B1D082200210320FFF7ACFEBA
:1065200000BF1837BD4680BD7439002080B586B0E5
:1065300000AF0023FB823B1D00221A605A609A6064
:10654000DA60124B1B689AB2FB8A591CF982D2B2EC
:1065500092B25B0018333B4423F8142C0B4B1B689E
:106560001B0A9AB2FB8A591CF982D2B292B25B0022
:1065700018333B4423F8142C3B1D0822002105202E
:10658000FFF77AFE00BF1837BD4680BD7C3900207A
:1065900080B582B000AF00237B600D4B1B889BB29F
:1065A000013B9BB2DBB29BB2BB80094B1B889BB209
:1065B000013B1B129BB2DBB29BB2FB803B1D022254
:1065C00000210620FFF758FE00BF0837BD4680BDFA
:1065D000D439002080B5ADF5216D00AF0023A7F8B8
:1065E0000E3A0023A7F80C3A0023A7F80A3A002332
:1065F000A7F8083A0023A7F8063A0023A7F8043AB8
:1066000007F52163A3F5037318464FF400731A4688
:10661000002103F027FB07F52163A3F20C43184682
:106620004FF400731A46002103F01CFB07F52163A9
:10663000A3F20C6318464FF400731A46002103F0CE
:1066400011FB07F52163A3F60C0318464FF4007302
:106650001A46002103F006FB07F52163A3F60C237D
:1066600018464FF400731A46002103F0FBFA00238A
:10667000A7F8043AB7F8043AA7F8063AB7F8063A82
:10668000A7F8083AB7F8083AA7F80A3AB7F80A3A62
:10669000A7F80C3A0023A7F80E3A82E0B7F90E3AB1
:1066A000C14A342101FB03F313441B6899B2B7F9C3
:1066B0000C2A93B201339BB2A7F80C3ACBB299B231
:1066C00007F52163A3F5037323F81210B7F90E3A07
:1066D000B54A342101FB03F3134404331B6899B218
:1066E000B7F90A2A93B201339BB2A7F80A3ACBB2A0
:1066F00099B207F52163A3F20C4323F81210B7F9FE
:106700000E3AA94A342101FB03F3134408331B68F2
:1067100099B2B7F9082A93B201339BB2A7F8083AA5
:10672000CBB299B207F52163A3F20C6323F81210E0
:10673000B7F90E3A9C4A342101FB03F313440C339E
:106740001B6899B2B7F9062A93B201339BB2A7F836
:10675000063ACBB299B207F52163A3F60C0323F8EE
:106760001210B7F90E3A904A342101FB03F3134497
:1067700010331B6899B2B7F9042A93B201339BB264
:10678000A7F8043ACBB299B207F52163A3F60C231C
:1067900023F81210B7F90E3A9BB201339BB2A7F857
:1067A0000E3AB7F90E3A814A128892B293427FF7B5
:1067B00075AF07F604034FF4807200210720FFF73E
:1067C0005BFD07F204634FF4807200210820FFF79D
:1067D00053FD07F204434FF4807200210920FFF7B4
:1067E0004BFD07F501734FF4807200210A20FFF77B
:1067F00043FD3B1D4FF4807200210B20FFF73CFD51
:106800000023A7F8043AB7F8043AA7F8063AB7F80D
:10681000063AA7F8083AB7F8083AA7F80A3AB7F8D4
:106820000A3AA7F80C3A0023A7F80E3A87E0B7F91E
:106830000E3A5D4A342101FB03F313441B689BB2FB
:10684000B7F90C1A8AB2013292B2A7F80C2A0A469A
:106850001B0A99B207F52163A3F5037323F81210FD
:10686000B7F90E3A504A342101FB03F313440433C1
:106870001B689BB2B7F90A1A8AB2013292B2A7F822
:106880000A2A0A461B0A99B207F52163A3F20C43B0
:1068900023F81210B7F90E3A434A342101FB03F3EF
:1068A000134408331B689BB2B7F9081A8AB2013245
:1068B00092B2A7F8082A0A461B0A99B207F5216383
:1068C000A3F20C6323F81210B7F90E3A364A3421BA
:1068D00001FB03F313440C331B689BB2B7F9061A90
:1068E0008AB2013292B2A7F8062A0A461B0A99B266
:1068F00007F52163A3F60C0323F81210B7F90E3A3B
:10690000294A342101FB03F3134410331B689BB263
:10691000B7F9041A8AB2013292B2A7F8042A0A46D9
:106920001B0A99B207F52163A3F60C2323F8121072
:10693000B7F90E3A9BB201339BB2A7F80E3AB7F9FA
:106940000E3A1A4A128892B293427FF770AF07F656
:1069500004034FF4807200210C20FFF78DFC07F236
:1069600004634FF4807200210D20FFF785FC07F2CD
:1069700004434FF4807200210E20FFF77DFC07F5E1
:1069800001734FF4807200210F20FFF775FC3B1D4F
:106990004FF4807200211020FFF76EFC00BF07F556
:1069A0002167BD4680BD00BFB8030020D439002058
:1069B00080B586B000AF0023FB823B1D00221A6029
:1069C0005A609A60DA60114B1A88FB8A591CF98266
:1069D000D2B292B25B0018333B4423F8142C0B4B19
:1069E0001A88FB8A591CF982120A92B25B0018338A
:1069F0003B4423F8142C3B1D082200211320FFF7F1
:106A00003BFC00BF1837BD4680BD00BFDC3900200D
:106A100080B586B000AF0023FB823B1D00221A60C8
:106A20005A609A60DA60114B1A88FB8A591CF98205
:106A3000D2B292B25B0018333B4423F8142C0B4BB8
:106A40001A88FB8A591CF982120A92B25B00183329
:106A50003B4423F8142C3B1D082200211420FFF78F
:106A60000BFC00BF1837BD4680BD00BFDE390020DB
:106A700080B400AF654A138823F002031380634A91
:106A8000138823F480731380604A138823F08003F3
:106A900013805F4B00221A605E4B00221A605E4B2F
:106AA00000221A60594A138823F001031380574AC1
:106AB000138823F008031380544A138823F010032B
:106AC0001380524A138823F040031380534B002253
:106AD0001A83534B00221A83504B0022DA82504B08
:106AE0000022DA82494A138823F002031380474ABE
:106AF000138823F480431380444A138823F480537B
:106B00001380424A138823F4005313803F4A1388AA
:106B100023F4006313803D4A138823F40073138029
:106B20003A4A138823F4806313803E4B4FF00002EF
:106B30009A633C4B9B6B3C4A93633B4B9B6B3B4A3E
:106B40009363384B4FF000025A63364B5B6B364A07
:106B50005363354B5B6B354A5363324B4FF0000246
:106B6000DA63304BDB6B304AD3632F4BDB6B2F4A3E
:106B7000D3632C4B4FF000021A612A4B1B692A4A3F
:106B800013612B4B00221A602A4B00221A602A4BF9
:106B90004FF000021A60294B00221A8010E0274BA8
:106BA0001B881946264A342301FB03F3134404339C
:106BB00000221A60214B1B8801339AB21F4B1A80A6
:106BC0001E4B1B88FF2BEAD91E4B00221A801E4B3E
:106BD0001B8807EE903AF8EE677A9FED1C7A67EE15
:106BE000877A1B4BC3ED007A1A4B1B8807EE903A4D
:106BF000F8EE677A9FED187A67EE877A174BC3ED48
:106C0000007A00BFBD465DF8047B70472039002044
:106C100070390020A4390020CC390020F037002042
:106C2000D43700200C38002068380020C4380020F9
:106C3000883900208439002058390020D6390020B6
:106C4000B8030020D4390020DC39002077CC2B3267
:106C500060390020DE39002095BFD6335C39002032
:106C600080B500AF134B00221A60134B00221A604C
:106C700012494FF000024FF00003C1E90023104B0E
:106C800000221A600F4A00210020FFF798F96420C3
:106C9000F9F740FD00F0A6F80B4A00210020FFF7AD
:106CA0008EF9044B01221A60034B02221A6000BFC6
:106CB00080BD00BF24390020283900204839002039
:106CC0002C39002070AC00087CAC000880B582B084
:106CD00002AF3B4B1B88C3F38013DBB2002B01D107
:106CE00000236AE0374BD3ED047AB3EE0E7AF4EE6C
:106CF000C77AF1EE10FA5FD5334BD3ED047AB3EED9
:106D00000E7AF4EEC77AF1EE10FA55D509E02E4B63
:106D10004FF00002DA602C4BDB682A4AD36002F0A5
:106D2000C1FB284BD3ED047AF5EE407AF1EE10FA70
:106D300007D0254BD3ED047AF5EE407AF1EE10FA48
:106D4000E5D11F4A138823F00103138002F0AAFB48
:106D50001B4B1B88C3F30033DBB2002B2CD007E0A6
:106D60001A4B1B889BB21A4A00210020FFF727F913
:106D7000184B1B6903F48073002BF1D1002001F044
:106D80009FFEFFF705FCFFF725FC134A00210020BA
:106D9000FFF715F94FF47A70F9F7BCFC0F4B1B683D
:106DA0001846F9F7A1FB02460B46CDE900230C4A31
:106DB00000210020FFF703F900231846BD4680BDDF
:106DC00020390020683800200C380020D4390020F9
:106DD00088AC00080008004890AC0008503900203A
:106DE0009CAC000880B500AF3C4B00221A60FEF757
:106DF000E3FC4FF4FA70F9F78DFC394A00210020CA
:106E0000FFF7DDF8374A138843F480531380364B7D
:106E100000221A80334A138823F008031380314A72
:106E2000138823F0040313802E4A138823F02003D1
:106E300013802E4B1B6807EE903AF8EE677A2B4BC7
:106E40001B6807EE103AB8EE477A294B1B681846C4
:106E5000F0EE471AB0EE671ADFED260A9FED260A1C
:106E6000FEF7FCFE1F4A138843F0010313801D4AFE
:106E7000138843F00203138001F0EAFA01F016FCD4
:106E80001E4B93ED0D7A1E4BD3ED0D7A77EE277ADC
:106E9000B6EE007A67EE877A1A4BC3ED007A1A4B8A
:106EA000C3ED007A1749184801F082FC16491548CD
:106EB00001F07EFC154B1B68002BDDD002F078FA48
:106EC0000346002B08D1FFF701FF0346002B03D137
:106ED0000E4B00221A60CFE700BF80BD243900208E
:106EE000A4AC000820390020D439002078390020D3
:106EF00074390020000000000000FA4368380020C8
:106F00000C380020F0370020D4370020A4390020AE
:106F100080B483B000AF78607B689B6823F0004347
:106F200023F03F0343F001027B689A6000BF0C37F7
:106F3000BD465DF8047B704780B483B000AF7860D5
:106F40007B689B6823F0004323F03F0343F0020279
:106F50007B689A6000BF0C37BD465DF8047B7047C4
:106F600080B483B000AF78607B689B6803F0010356
:106F7000012B01D1012300E0002318460C37BD4648
:106F80005DF8047B704780B483B000AF78607B68A5
:106F90009B6803F00203022B01D1012300E00023D0
:106FA00018460C37BD465DF8047B704780B483B04B
:106FB00000AF786039607B689B6823F0404323F022
:106FC0003F033A6802F08042134343F000427B687B
:106FD0009A6000BF0C37BD465DF8047B704780B4F3
:106FE00083B000AF78607B689B6803F00043B3F127
:106FF000004F01D1012300E0002318460C37BD46A5
:107000005DF8047B704780B483B000AF78607B6824
:107010009B6823F0004323F03F0343F004027B68A6
:107020009A6000BF0C37BD465DF8047B704780B4A2
:1070300083B000AF78607B689B6823F0004323F047
:107040003F0343F010027B689A6000BF0C37BD46D7
:107050005DF8047B704780B483B000AF78607B68D4
:107060009B6803F00403042B01D1012300E00023FB
:1070700018460C37BD465DF8047B704780B483B07A
:1070800000AF78607B681B6C9BB218460C37BD461E
:107090005DF8047B704780B483B000AF78607B6894
:1070A0001B6803F00103012B01D1012300E0002341
:1070B00018460C37BD465DF8047B704780B483B03A
:1070C00000AF78607B6801221A6000BF0C37BD46B4
:1070D0005DF8047B704780B483B000AF78607B6854
:1070E00004221A6000BF0C37BD465DF8047B704770
:1070F00080B483B000AF78607B6808221A6000BF5C
:107100000C37BD465DF8047B704780B483B000AF98
:1071100078607B6810221A6000BF0C37BD465DF8AE
:10712000047B704780B483B000AF78607B685B6895
:1071300043F004027B685A6000BF0C37BD465DF81F
:10714000047B704780B483B000AF78607B685B6875
:1071500043F010027B685A6000BF0C37BD465DF8F3
:10716000047B704780B483B000AF78607B681B6895
:1071700043F001027B681A6000BF0C37BD465DF822
:10718000047B704780B483B000AF78607B681B6875
:1071900023F001027B681A6000BF0C37BD465DF822
:1071A000047B704780B483B000AF786039607B683F
:1071B0003A685A6200BF0C37BD465DF8047B7047E1
:1071C00080B483B000AF786039607B681A6A3B682E
:1071D0001A437B681A6200BF0C37BD465DF8047B1A
:1071E000704780B483B000AF786039607B681A6AFA
:1071F0003B68DB431A407B681A6200BF0C37BD4610
:107200005DF8047B704780B483B000AF78607B6822
:107210006FF001021A6100BF0C37BD465DF8047BB8
:10722000704780B483B000AF78607B681B6903F05F
:107230000103012B01D1012300E0002318460C3784
:10724000BD465DF8047B704780B483B000AF7860C2
:107250007B686FF004021A6100BF0C37BD465DF811
:10726000047B704780B483B000AF78607B681B6993
:1072700003F00403042B01D1012300E0002318468E
:107280000C37BD465DF8047B704780B483B000AF17
:1072900078607B68DB6843F001027B68DA6000BFDE
:1072A0000C37BD465DF8047B704780B483B000AFF7
:1072B00078607B68DB6823F001027B68DA6000BFDE
:1072C0000C37BD465DF8047B704780B483B000AFD7
:1072D00078607B68DB6823F004027B68DA6000BFBB
:1072E0000C37BD465DF8047B704780B483B000AFB7
:1072F00078607B689A887B681B689A6100BF0C374E
:10730000BD465DF8047B704780B483B000AF786001
:107310007B689B881A467B681B6812049A6100BFD1
:107320000C37BD465DF8047B7047000080B400AFA9
:10733000054B064A9A61064B064A9A6100BFBD4654
:107340005DF8047B704700BF00080048000007C0DC
:10735000001400480000020680B584B000AF034668
:10736000FB71FA7913465B0013449B00064A1344F1
:10737000FB60FFF7DBFFFB681846FFF7B6FF00BFB7
:107380001037BD4680BD00BFB4AD000880B582B0E7
:1073900000AF78607868FFF75EFE0346002B09D0E7
:1073A0007868FFF744FE00BF7868FFF754FE034695
:1073B000002BF9D17868FFF7D3FD0346002B09D0E5
:1073C0007868FFF7B9FD00BF7868FFF7DCFD03467A
:1073D000002BF9D100BF0837BD4680BD80B582B013
:1073E00000AF78607868FFF769FE7868FFF790FD76
:1073F00000BF7868FFF74FFE0346002BF9D078688E
:10740000FFF75CFE00BF0837BD4680BD80B584B085
:1074100000AF78607868FFF7B9FF7F217868FFF7E1
:10742000C5FD00BF7868FFF7DAFD0346002BF9D1F0
:107430008023FB6002E0FB68013BFB60FB68002BE4
:10744000F9D17868FFF7CAFF00BF1037BD4680BD8D
:1074500080B500AF4FF0A040FFF73DFE4FF0A040D9
:10746000FFF746FE4FF0A040FFF74FFE0548FFF73D
:1074700032FE0448FFF73CFE0248FFF746FE00BF1D
:1074800080BD00BF0001005080B500AF4FF0A040AC
:10749000FFF758FE0D48FFF755FE0C48FFF742FE78
:1074A0004FF0A040FFF7D7FD0346002B03D14FF06C
:1074B000A040FFF7A8FD0548FFF7CDFD0346002BD0
:1074C00002D10248FFF79FFD00BF80BD00010050C0
:1074D00080B500AF4FF08040FFF795FE4FF0804041
:1074E000FFF7B2FE00214FF08040FFF75BFE4FF048
:1074F0008040FFF7CAFE10214FF08040FFF760FE8A
:107500004FF08040FFF72EFE00BF80BD80B500AF7A
:107510004FF08040FFF736FE4FF08040FFF7C5FE8A
:107520004FF08040FFF7D1FE10214FF08040FFF771
:1075300058FE00214FF08040FFF734FE4FF08040AE
:10754000FFF761FE4FF08040FFF77EFE00BF80BD79
:1075500080B500AFFFF7DAFF4FF0A040FFF716FF4E
:107560000D48FFF713FFFFF773FF4FF0A040FFF741
:107570004DFF0948FFF74AFF084B00221A70084BDD
:1075800000221A70FFF764FFFFF77EFF00F0F0FAA9
:10759000FFF79EFF00BF80BD00010050F5010020F5
:1075A000F601002080B500AFFFF7B0FF4FF0A0401C
:1075B000FFF7ECFE0E48FFF7E9FEFFF749FF0D4B22
:1075C00000221A700C4B00221A700020FFF7C4FE34
:1075D0004FF0A040FFF702FF0548FFF7FFFEFFF75F
:1075E00053FF00F0C5FAFFF773FF00BF80BD00BF77
:1075F00000010050F6010020F501002080B58EB09A
:1076000000AF78603960AF4B1B7887F82F3097F860
:107610002F2013465B0013449B00AB4A1344BB620C
:10762000BB6A1B7A87F82730BB6A5B7A87F82630FB
:1076300097F827207B6807EE903AF8EE677AA3491F
:107640001346DB009B1A9B000B44C3ED007A97F8AE
:1076500026203B6807EE903AF8EE677A9B4913467E
:10766000DB009B1A9B000B44C3ED007ABB6A1846F3
:10767000FFF74AFE97F8272094491346DB009B1A30
:107680009B000B441B683B6297F827208F491346E9
:10769000DB009B1A9B000B4408331B68FB6197F8C7
:1076A00027208A491346DB009B1A9B000B440433B6
:1076B0001B68BB6197ED087AD7ED077AB4EEE77ADD
:1076C000F1EE10FA0BDD97F8272080491346DB0016
:1076D0009B1A9B000B440C337D4A1A6040E097EDE7
:1076E000087AD7ED067AB4EEE77AF1EE10FA0CD507
:1076F00097F8272075491346DB009B1A9B000B4423
:107700000C334FF000021A602AE097ED077AD7EDAC
:10771000067A77EE677AC7ED0D7AD7ED0D7AF5EE3A
:10772000C07AF1EE10FA02D84FF07E537B6397EDEA
:10773000087AD7ED067A77EE677A9FED6A7A67EE78
:10774000876A97F8272097ED0D7AC6EE877A5F490A
:107750001346DB009B1A9B000B440C33C3ED007AED
:1077600097F8272059491346DB009B1A9B000B44CE
:107770000C33D3ED007A9FED577AF4EEC77AF1EE31
:1077800010FA0CD597F8272050491346DB009B1AB6
:107790009B000B4410334FF000021A600BE097F887
:1077A00027204A491346DB009B1A9B000B441033E9
:1077B0004FF07E521A6097F8272044491346DB00A9
:1077C0009B1A9B000B440C33D3ED007A9FED427A59
:1077D000F4EEC77AF1EE10FA17DD97F827203B494F
:1077E0001346DB009B1A9B000B4414331B889AB290
:1077F0003A4B5B8A9BB213439AB2384B5A82384A4F
:10780000138823F01003138011E097F827202F49E5
:107810001346DB009B1A9B000B4416331B889AB25D
:107820002E4B5B8A9BB213409AB22C4B5A8297F82C
:10783000262026491346DB009B1A9B000B441B683D
:107840007B6197F8262021491346DB009B1A9B0099
:107850000B4408331B683B6197F826201B491346ED
:10786000DB009B1A9B000B4404331B68FB6097ED05
:10787000057AD7ED047AB4EEE77AF1EE10FA0BDD73
:1078800097F8262011491346DB009B1A9B000B44F6
:107890000C330F4A1A6052E097ED057AD7ED037A60
:1078A000B4EEE77AF1EE10FA1ED597F826200749D4
:1078B0001346DB009B1A9B000B440C334FF0000275
:1078C0001A603CE0F6010020B4AD0008F801002089
:1078D0000000FE4200000C4200007042B837002059
:1078E000203900200000FE4297ED047AD7ED037A9C
:1078F00077EE677AC7ED0C7AD7ED0C7AF5EEC07AA1
:10790000F1EE10FA02D84FF07E533B6397ED057A03
:10791000D7ED037A77EE677A1FED0E7A67EE876A06
:1079200097F8262097ED0C7AC6EE877A66491346BB
:10793000DB009B1A9B000B440C33C3ED007A97F8D5
:10794000262061491346DB009B1A9B000B440C3335
:10795000D3ED007A9FED5D7AF4EEC77AF1EE10FA7E
:107960000CD597F8262058491346DB009B1A9B003C
:107970000B4410334FF000021A600BE097F82620FA
:1079800051491346DB009B1A9B000B4410334FF008
:107990007E521A6097F826204B491346DB009B1A4B
:1079A0009B000B440C33D3ED007A9FED497AF4EE43
:1079B000C77AF1EE10FA17DD97F8262042491346F0
:1079C000DB009B1A9B000B4414331B889AB2414B7B
:1079D0005B8A9BB213439AB23E4B5A823E4A13884B
:1079E00023F01003138011E097F826203649134640
:1079F000DB009B1A9B000B4416331B889AB2354B55
:107A00005B8A9BB213409AB2324B5A82334B1B684B
:107A10000133324A1360304B1B88C3F30003DBB2DF
:107A2000002B3BD02E4B1B6801332D4A13602D4B8E
:107A30009B6A01332B4A93622A4B9A6A294BDB6A71
:107A40009A420FD32748FDF715FF274B1B680133D8
:107A5000254A1360244B1B68184601F0F3FC2148AB
:107A6000FEF742F8214B9B6A0133204A93621F4B79
:107A70009A6A1E4BDB6A9A4212D31C48FDF7FAFE43
:107A80001B4B1B6801331A4A1360194B1B681846BD
:107A900001F0F0FC1548FDF7D9FF01E001F002FD0F
:107AA000144B1B78DBB20133DAB2124B1A70114B54
:107AB0001B78DBB2072B02D90E4B00221A7000BFD5
:107AC0003837BD4680BD00BFF801002000000C42E1
:107AD00000007042B837002020390020A43900206F
:107AE000A83900200C380020883900206838002090
:107AF00084390020F601002080B584B000AF4FF03B
:107B0000A0431B68FB60194B1B68BB60FA68BB682D
:107B1000134303F01003002B02D0FFF743FD21E0D5
:107B2000BB6803F00403002B1CD04FF0A040FFF70C
:107B3000A5FA03467B600D48FFF7A0FA03463B60B9
:107B40004FF0A040FFF7C7FA4FF0A040FFF7D0FA80
:107B50000648FFF7C0FA0548FFF7CAFA396878689F
:107B6000FFF74CFD1037BD4680BD00BF000100503F
:107B700080B500AF0A4B1B78DBB2072B02D9084B4C
:107B800000221A70064B1B78DAB2064B1A70054BAE
:107B90001B78DBB21846FFF7DFFB00BF80BD00BFDC
:107BA000F6010020F501002080B500AFFFF7A4FF2B
:107BB00000BF80BD80B500AF4FF08040FFF731FBC4
:107BC0000346002B05D04FF08040FFF71CFBFFF76A
:107BD000CFFF4FF08040FFF745FB0346002B03D05B
:107BE0004FF08040FFF730FB00BF80BD80B582B012
:107BF00000AF0023FB804FF4E07200217E4802F0CA
:107C000031F8182200217D4802F02CF81C220021B6
:107C10007B4802F027F81C2200217A4802F022F863
:107C20000023FB8010E0B7F9062073491346DB0000
:107C30009B1A9B000B440433734A1A60B7F9063051
:107C40009BB201339BB2FB80B7F906300F2BEADD04
:107C5000694B6E4AC3F8BC21674B4FF400429A82CD
:107C6000654B47F6FF72DA82634B694AC3F8A0217D
:107C7000614B4FF480421A865F4B4BF6FF725A8677
:107C80005D4B644AC3F884215B4B4FF40052A3F868
:107C90004C20594B4DF6FF72A3F84E20564B5E4ACE
:107CA000C3F86821544B4FF48052A3F86820524B1C
:107CB0004EF6FF72A3F86A204F4B584AC3F84C2186
:107CC0004D4B4FF40062A3F884204B4B4FF2FF72F0
:107CD000A3F88620484B524AC3F83021464B4FF454
:107CE0008062A3F8A020444B4FF6FF32A3F8A220F5
:107CF000414B4C4AC3F814213F4B4FF40072A3F898
:107D0000BC203D4B4FF6FF52A3F8BE203A4B464AEB
:107D1000C3F8F820384B4FF48072A3F8D820364BC4
:107D20004FF6FF62A3F8DA20334B404AC3F8DC2059
:107D3000314B8022A3F8F4202F4B4FF67F72A3F82B
:107D4000F6202D4B3A4AC3F8C0202B4B4022A3F813
:107D50001021294B4FF6BF72A3F81221264B354A4A
:107D6000C3F8A420244B2022A3F82C21224B4FF649
:107D7000DF72A3F82E21204B2F4AC3F888201E4B18
:107D80001022A3F848211C4B4FF6EF72A3F84A21AA
:107D9000194B2A4ADA66184B0822A3F86421164BBD
:107DA0004FF6F772A3F86621134B254A1A65124B5A
:107DB0000422A3F88021104B4FF6FB72A3F8822116
:107DC0000D4B204A5A630C4B0222A3F89C210A4B0C
:107DD0004FF6FD72A3F89E21074B1B4A9A61064B92
:107DE0000122A3F8B821044B4FF6FE72A3F8BA2182
:107DF00000BF0837BD4680BDF8010020B83700201D
:107E0000F0370020D437002000F07F4500007A468C
:107E100000204B4600E02B4600100B4600C0DA4520
:107E200000007A4500401C450000FA430000FAC3F8
:107E300000401CC500007AC500C0DAC500100BC6A2
:107E400000E02BC600204BC600007AC680B483B089
:107E500000AF7860A14B93ED037AA14BD3ED067A86
:107E6000B4EEE77AF1EE10FA0AD59E4B00221A80A2
:107E70009D4B4FF470421A809B4B08225A806BE155
:107E8000964B93ED037A964BD3ED6F7AB4EEE77A87
:107E9000F1EE10FA09DD934B0C221A80924B0F225F
:107EA0001A80914B08225A8056E18C4B93ED037A4D
:107EB0008B4BD3ED0D7AB4EEE77AF1EE10FA0AD5DA
:107EC000884B00221A80884B4FF470421A80864BF0
:107ED00007225A8040E1814B93ED037A804BD3ED2A
:107EE000687AB4EEE77AF1EE10FA09DD7D4B0C22E8
:107EF0001A807D4B0F221A807B4B07225A802BE180
:107F0000764B93ED037A764BD3ED147AB4EEE77AA1
:107F1000F1EE10FA0AD5734B00221A80724B4FF41F
:107F200070421A80704B06225A8015E16B4B93ED1C
:107F3000037A6B4BD3ED617AB4EEE77AF1EE10FA87
:107F400009DD684B0C221A80674B0F221A80664BA2
:107F500006225A8000E1614B93ED037A604BD3ED2A
:107F60001B7AB4EEE77AF1EE10FA0AD55D4B0122E6
:107F70001A805D4B4FF470421A805B4B05225A8089
:107F8000EAE0564B93ED037A554BD3ED5A7AB4EEB3
:107F9000E77AF1EE10FA09DD524B0B221A80524BB0
:107FA0000F221A80504B05225A80D5E04B4B93ED9F
:107FB000037A4B4BD3ED227AB4EEE77AF1EE10FA66
:107FC0000AD5484B02221A80474B4FF470421A8060
:107FD000454B04225A80BFE0404B93ED037A404B5F
:107FE000D3ED537AB4EEE77AF1EE10FA09DD3D4BAA
:107FF0000A221A803C4B0F221A803B4B04225A80E3
:10800000AAE0364B93ED037A354BD3ED297AB4EEE3
:10801000E77AF1EE10FA0AD5324B03221A80324B7E
:108020004FF470421A80304B03225A8094E02B4B5D
:1080300093ED037A2A4BD3ED4C7AB4EEE77AF1EE66
:1080400010FA09DD274B09221A80274B0F221A80CC
:10805000254B03225A807FE0204B93ED037A204B7F
:10806000D3ED307AB4EEE77AF1EE10FA0AD51D4B73
:1080700004221A801C4B4FF470421A801A4B0222C1
:108080005A8069E0154B93ED037A154BD3ED457A91
:10809000B4EEE77AF1EE10FA09DD124B08221A80ED
:1080A000114B0F221A80104B02225A8054E00B4BC6
:1080B00093ED037A0A4BD3ED377AB4EEE77AF1EE1B
:1080C00010FA13D8074B05221A80074B4FF4704261
:1080D0001A80054B01225A803EE000BFB8370020CD
:1080E000F8010020D8390020D03700201D4B93ED37
:1080F000037A1D4BD3ED3E7AB4EEE77AF1EE10FA37
:1081000009DB1A4B07221A80194B0F221A80184BD1
:1081100001225A8020E0134B93ED037A124BD3EDEA
:108120003E7AB4EEE77AF1EE10FA00D414E00D4B8B
:1081300093ED037A0C4BD3ED377AB4EEE77AF1EE98
:1081400010FA00DC08E0094B06221A80084B0022D6
:108150001A80074B00225A8000BF0C37BD465DF8DD
:10816000047B7047B8370020F8010020D839002080
:10817000D037002080B483B000AF0023FB80002301
:10818000BB8000237B8000233B80834B1B8803F054
:108190000F03002B05D0804B5B8809339BB2FB801B
:1081A0000EE07D4B1B8803F47043002B06D07A4B06
:1081B0005B88C3F109039BB2FB8001E00923FB80CC
:1081C000FB889BB2002B03D0FB889BB2102B01D9FC
:1081D0000123DAE0714B5B8A9AB2FB889BB21946A5
:1081E0006F4B33F8113013409AB2FB889BB219469B
:1081F0006B4B33F811309A420CBF01230023DBB2E2
:10820000BB80664B5B8A9AB2FB889BB2013B644998
:1082100031F8133013409AB2FB889BB2013B60499E
:1082200031F813309A420CBF01230023DBB27B806C
:108230005A4B5B8A9AB2FB889BB20133584931F89A
:10824000133013409AB2FB889BB20133544931F882
:1082500013309A420CBF01230023DBB23B80BB8862
:108260009BB2002B07D17B889BB2002B03D13B88AC
:108270009BB2002B0DD04B4B1B88C3F3C003DBB26A
:10828000002B40F08180474A138843F00803138095
:108290007AE0444B1B88C3F3C003DBB2012B67D1E8
:1082A000414B93ED0F7A414BD3ED0F7A77EE277A5E
:1082B000B6EE007A67EE877A3D4BC3ED007A3C4B11
:1082C000D3ED007A9FED3B7AF4EEC77AF1EE10FA27
:1082D0005ADD394B1B889BB21946384A342301FBBF
:1082E00003F3134410331B68002B22D12D4B1B8842
:1082F000C3F30033DBB2012B1BD12B4B93ED0E7A72
:108300002A4BD3ED0E7A77EE277AB6EE007A67EE37
:10831000877AFDEEE77A17EE902A274B1B889BB2EF
:1083200018468C3A2549342300FB03F30B441033E1
:108330001A601C4A138823F0080313800021204B85
:108340000A469A821F4B0A469A824FF000031C4A43
:1083500013601C4A1360144B4FF00002DA63124B97
:10836000DB6B124AD363124B4FF000021A600BE032
:108370000D4B4FF00002DA630B4BDB6B0B4AD36300
:108380000B4B4FF000021A60012318460C37BD4614
:108390005DF8047B704700BFD0370020B83700205D
:1083A00014AE000820390020683800200C38002066
:1083B0005839002000000C43D4390020B8030020B5
:1083C000F0370020D437002080B483B000AF78604D
:1083D00039601E4B1B8803F00F03002B11D01B4B81
:1083E0005B881A464FF4704313419AB27B685A82F5
:1083F000164B5B881A460F2313419AB23B685A8288
:108400001EE0124B1B8803F47043002B11D00F4B5E
:108410005B881A464FF4704393409AB27B685A8245
:108420000A4B5B881A460F2313419AB23B685A8263
:1084300006E07B684FF470425A823B680F225A82F2
:1084400000BF0C37BD465DF8047B7047D037002075
:1084500080B500AF8E4B4FF000021A608C4B4FF08E
:1084600000029A608B4B1B8819468B4A0B46DB0037
:108470005B1A9B0013440C3393ED007A844BD3EDCD
:10848000007A77EE277A824BC3ED007A814B1B8806
:108490005A1C81491346DB009B1A9B000B440C338A
:1084A00093ED007A7A4BD3ED007A77EE277A784B0A
:1084B000C3ED007A774B1B889A1C77491346DB0083
:1084C0009B1A9B000B440C3393ED007A704BD3ED59
:1084D000007A77EE277A6E4BC3ED007A6D4B1B88DE
:1084E000DA1C6D491346DB009B1A9B000B440C33CE
:1084F00093ED007A664BD3ED007A77EE277A644BE2
:10850000C3ED007A624B1B68614A5360604BD3ED48
:10851000007AF5EEC07AF1EE10FA00DCB6E0FFF773
:1085200029FE5C4B1B8819465B4A0B46DB005B1A35
:108530009B001344183393ED007A564B1B88194661
:10854000554A0B46DB005B1A9B0013440C33D3EDFA
:10855000007A27EE277A4E4BD3ED027A77EE277A10
:108560004B4BC3ED027A4B4B1B885A1C4A491346AE
:10857000DB009B1A9B000B44183393ED007A454BAC
:108580001B885A1C44491346DB009B1A9B000B4472
:108590000C33D3ED007A27EE277A3D4BD3ED027AE8
:1085A00077EE277A3A4BC3ED027A3A4B1B889A1C36
:1085B00039491346DB009B1A9B000B44183393ED9B
:1085C000007A344B1B889A1C33491346DB009B1AF4
:1085D0009B000B440C33D3ED007A27EE277A2C4B0B
:1085E000D3ED027A77EE277A294BC3ED027A294B35
:1085F0001B88DA1C28491346DB009B1A9B000B449E
:10860000183393ED007A234B1B88DA1C224913465A
:10861000DB009B1A9B000B440C33D3ED007A27EE52
:10862000277A1B4BD3ED027A77EE277A184BC3EDEE
:10863000027A174BD3ED026A154B93ED017AC6EE21
:10864000877A134BC3ED037A114BD3ED037A9FED79
:10865000137AF4EEC77AF1EE10FA03DB0C4B104AF2
:10866000DA600CE00A4BD3ED037A9FED0E7AF4EE5C
:10867000C77AF1EE10FA02D8054B0B4ADA60044BC8
:10868000DB68034A53610248FFF7E0FB00BF80BD8F
:10869000B8370020D8390020F801002000007A46C1
:1086A00000007A4600007AC600007AC680B400AFA7
:1086B0003A4BD3ED057AF5EEC07AF1EE10FA2BDDE8
:1086C000364B93ED057A364BD3ED007A67EE277A79
:1086D000B7EE007A77EE677A324BC3ED067A2F4B0E
:1086E00093ED057A304BD3ED007A67EE277AB7EE3B
:1086F000007A77EE877A2D4BC3ED067A2B4BD3EDBC
:10870000067AF5EEC07AF1EE10FA00D940E0254B7A
:108710004FF000029A613BE0204BD3ED057AF5EE75
:10872000C07AF1EE10FA2BD51C4B93ED057A1E4B57
:10873000D3ED007A67EE277AB7EE007A77EE677AA4
:10874000184BC3ED067A154B93ED057A144BD3ED18
:10875000007A67EE277AB7EE007A77EE877A134BC6
:10876000C3ED067A0F4BD3ED067AF5EEC07AF1EE43
:1087700010FA00D90CE00D4B4FF000029A6107E0AF
:108780000A4B4FF07E529A61064B4FF07E529A612F
:1087900000BFBD465DF8047B704700BFB8370020BE
:1087A000603900200C3800205C3900206838002037
:1087B00080B584B000AF786039607B68FB603B684F
:1087C000BB60FB68DB8A9BB2012B64D1FB6893ED35
:1087D000007AFB68D3ED027AB4EEE77AF1EE10FA94
:1087E00050DDFB685C4A934205D1BB68DB8A9BB2D3
:1087F000012B00F0A680FB680022DA82FB680022D1
:108800009A82FB684FF000021A60FB681B8B9BB2D8
:10881000002B12D0FB6800221A83FB684F4A934258
:1088200040F091804E4B1B88C3F3C003DBB2002B9A
:1088300040F08B8000F0A0F885E0494B1B88C3F323
:108840004003DBB2002B00F08280454B1B88C3F352
:10885000C003DBB2002B7AD1414B1B88C3F300333A
:10886000DBB2002B03D0F86800F02AF96BE03C4B38
:108870001B88C3F34033DBB2002B64D03948FBF7CD
:10888000D5FD60E0BB68DB8A9BB2002B5BD0FB6848
:1088900001221A8357E031492F48FFF795FDFB6805
:1088A0005B8A9AB2304B5B8A9BB213409BB2002B1F
:1088B0003FD0FB689B8A9BB2002B19D12B4B4FF00A
:1088C00000025A632A4B4FF000025A63FB684FF0D4
:1088D00000021A60FB68D3ED007AB0EE087A77EEFA
:1088E000877AFB68C3ED027AFB6801229A822FE047
:1088F000FB6893ED007AFB68D3ED027AB4EEE77A79
:10890000F1EE10FA24DDFB680122DA82FB6893EDB8
:10891000007A184B1B8807EE903AF8EE677A77EEEC
:10892000277AFB68C3ED027A0D4B1B88C3F3C003A3
:108930000EE0FB684FF000021A60FB6800229A828A
:1089400006E000BF04E000BF02E000BF00E000BF9F
:108950001037BD4680BD00BFD4370020F03700205F
:1089600020390020B8030020B837002068380020E4
:108970000C380020DA39002080B582B002AF434BBA
:108980001B88C3F38033DBB2002B15D13F4B1B8810
:10899000C3F30033DBB2002B02D03D4B01225A60FF
:1089A0003A4A138843F4804313803A4B00221A60FA
:1089B000394B00221A8067E0374B1B889BB28B2B08
:1089C00061D9324A138823F0020313802F4B1B888E
:1089D000C3F30033DBB2002B1CD0304B1B681846AE
:1089E000DFED2F0A9FED2F0AFDF79AF92E4A00219D
:1089F0000020FDF7E4FA2D4B1B681846F7F774FDCD
:108A000002460B46CDE90023294A00210020FDF74C
:108A1000D6FA2AE01D4B1B88C3F34033DBB2002B90
:108A200023D0244A00210020FDF7C9FA1B4B1B6804
:108A30001846DFED1B0A9FED1B0AFDF771F91E4B6F
:108A40004FF000029A631C4B9B6B1C4A9363174BBD
:108A50001B681846F7F748FD02460B46CDE9002390
:108A6000134A00210020FDF7AAFA134B4FF0000231
:108A70005A64114B5B6C114A5364044A138843F0E7
:108A80004003138000E000BFBD4680BD20390020B8
:108A9000B8030020A8390020D43900207C390020F8
:108AA0000000000000004843B0AC0008503900202E
:108AB000BCAC0008C4AC0008683800200C380020AA
:108AC00080B483B000AF7860584BD3ED0E7A584B2A
:108AD0001B889BB21946FDEEE77A17EE900A554ABD
:108AE000342301FB03F3134408331860524BD3EDD6
:108AF0000E7A4F4B1B889BB21946FDEEE77A17EEB4
:108B0000900A4C4A342301FB03F313440C331860DE
:108B1000474B1B889BB21946464A342301FB03F39B
:108B2000134408331A68424B1B889BB218464149CC
:108B3000342300FB03F30B440C331B6813443C4AFF
:108B4000128892B21046DA0F13445B101946394A64
:108B5000342300FB03F3134419607B68002B0BD113
:108B6000334B1B889BB21946324A342301FB03F373
:108B70001344043308221A602D4B1B889BB2013327
:108B80009AB22B4B1A807B682C4A934201D1102257
:108B900001E04FF48072264B1B889BB21846254992
:108BA000342300FB03F30B4404331A60204B1B886F
:108BB0009BB2002B23D01E4B1B889BB219461D4A2B
:108BC000342301FB03F3134404331A68184B1B8846
:108BD0009BB2013B1749342000FB03F30B440433E1
:108BE0001B689A420BD1124B1B889BB21946114A43
:108BF000342301FB03F31344043301221A600E4BA8
:108C00004FF000025A640C4B5B6C084A53640A4BE9
:108C10004FF000029A63084B9B6B044A936300BFBA
:108C20000C37BD465DF8047B704700BF0C38002050
:108C3000D4390020B803002068380020D437002041
:108C400080B58CB002AF002387F82730FDF786F996
:108C5000684B1B6903F40043002B05D0664B1B696E
:108C600003F04003002B0DD197F82730002B0CBFE9
:108C700001230023DBB287F82730FDF76FF9C82006
:108C8000F7F748FD97F82730002B4DD1002387F8E0
:108C9000263044E097F8261097F8262057481346C8
:108CA000DB009B1A9B000344D3ED007AFDEEE77ACC
:108CB00017EE903A07F1140000930B46504A10212A
:108CC00000F088FE97F82630191D97F826301A1DF7
:108CD0004A481346DB009B1A9B000344D3ED007AFD
:108CE000FDEEE77A17EE903A381D00930B46444AA2
:108CF000102100F06FFE07F1140297F826300021D2
:108D00001846FDF744F93A1D97F826300B2118460E
:108D1000FDF73DF997F82630013387F8263097F8AC
:108D20002630032BB6D952E0002387F825304AE0DD
:108D300097F8253003F1080197F8253003F1080270
:108D40002E481346DB009B1A9B000344D3ED007AA8
:108D5000FDEEE77A17EE903A07F1140000930B4608
:108D6000274A102100F036FE97F8253003F10C0158
:108D700097F8253003F10C0220481346DB009B1ABC
:108D80009B000344D3ED007AFDEEE77A17EE903AAC
:108D9000381D00930B461A4A102100F01BFE07F104
:108DA000140297F8253000211846FDF7F0F83A1D17
:108DB00097F825300B211846FDF7E9F897F825308C
:108DC000013387F8253097F82530032BB0D9FDF70C
:108DD000D7F81420F7F79EFC074B1B6903F08003BC
:108DE000002B7FF435AF074B02221A6000BF2837F3
:108DF000BD4680BD000C004800080048F801002076
:108E0000D0AC00082439002080B582B000AF002328
:108E1000FB80614A00210020FDF7D1F84FF4FA7081
:108E2000F7F778FC0023FB801CE0B7F906205B49CC
:108E30001346DB009B1A9B000B4408334FF00002E3
:108E40001A60B7F9062055491346DB009B1A9B00B0
:108E50000B440433524A1A60B7F906309BB201330F
:108E60009BB2FB80B7F906300F2BDEDD3EE04D4AAA
:108E700000210020FDF7A3F80023FB8032E0B7F9C2
:108E8000062046491346DB009B1A9B000B4408331F
:108E900093ED007AB7F9062040491346DB009B1A90
:108EA0009B000B44D3ED007AB4EEE77AF1EE10FAB2
:108EB00012D5B7F90610B7F9062038480B46DB0083
:108EC0005B1A9B000344196834481346DB009B1A65
:108ED0009B00034408331960B7F906309BB2013395
:108EE0009BB2FB80B7F906300F2BC8DD2E4B1B69F8
:108EF00003F40043002BBAD13EE02C4A00210020AD
:108F0000FDF75DF80023FB8032E0B7F90620234926
:108F10001346DB009B1A9B000B44043393ED007A4D
:108F2000B7F906201D491346DB009B1A9B000B4432
:108F3000D3ED007AB4EEE77AF1EE10FA12DDB7F96C
:108F40000610B7F9062015480B46DB005B1A9B009C
:108F50000344196811481346DB009B1A9B00034425
:108F600004331960B7F906309BB201339BB2FB8022
:108F7000B7F906300F2BC8DD0D4B1B6903F08003DA
:108F8000002BBAD1FDF7D4F97D20F7F7C3FB00BF62
:108F90000837BD4680BD00BFD8AC0008F8010020EE
:108FA00000F07F45E4AC0008000C0048F0AC00087D
:108FB0000008004880B592B000AFFCF7CFFF002357
:108FC0007B6411E014497A6C1346DB009B1A9B000A
:108FD0000B440C331A687B6C9B0048333B44443B86
:108FE0001A607B6C01337B647B6C0F2BEADD3B1DCD
:108FF0001846FDF707F80A20F7F78CFB074B1B69AB
:1090000003F08003002BDAD1054B03221A6000BF66
:109010004837BD4680BD00BFF80100200008004869
:109020002439002080B582B002AFA14A002100207F
:10903000FCF7C5FF4FF4FA70F7F76CFB9D4B062267
:109040001A8027E19C4B4FF000021A609A4B4FF0B8
:1090500000029A60974B1B881946984A0B46DB0022
:109060005B1A9B0013440C3393ED007A924BD3EDC3
:10907000007A77EE277A904BC3ED007A8D4B1B88F0
:109080005A1C8E491346DB009B1A9B000B440C3381
:1090900093ED007A884BD3ED007A77EE277A864BF2
:1090A000C3ED007A834B1B889A1C84491346DB006E
:1090B0009B1A9B000B440C3393ED007A7E4BD3ED4F
:1090C000007A77EE277A7C4BC3ED007A794B1B88C8
:1090D000DA1C7A491346DB009B1A9B000B440C33C5
:1090E00093ED007A744BD3ED007A77EE277A724BCA
:1090F000C3ED007A704B1B686F4A53606E4BD3ED23
:10910000007AF5EEC07AF1EE10FA00DCC2E0694BAD
:109110001B881946694A0B46DB005B1A9B00134407
:10912000183393ED007A634B1B881946634A0B464C
:10913000DB005B1A9B0013440C33D3ED007A27EE5F
:10914000277A5D4BD3ED027A77EE277A5A4BC3ED3F
:10915000027A584B1B885A1C58491346DB009B1A4D
:109160009B000B44183393ED007A524B1B885A1C1A
:1091700052491346DB009B1A9B000B440C33D3ED82
:10918000007A27EE277A4C4BD3ED027A77EE277AD6
:10919000494BC3ED027A474B1B889A1C474913463B
:1091A000DB009B1A9B000B44183393ED007A414B74
:1091B0001B889A1C41491346DB009B1A9B000B44F9
:1091C0000C33D3ED007A27EE277A3B4BD3ED027AAE
:1091D00077EE277A384BC3ED027A364B1B88DA1CC0
:1091E00036491346DB009B1A9B000B44183393ED62
:1091F000007A304B1B88DA1C30491346DB009B1A7F
:109200009B000B440C33D3ED007A27EE277A2A4BD0
:10921000D3ED027A77EE277A274BC3ED027A264BFD
:10922000D3ED026A244B93ED017AC6EE877A224B86
:10923000C3ED037A204BD3ED037A9FED217AF4EE50
:10924000C77AF1EE10FA03DB1B4B1E4ADA600CE022
:10925000194BD3ED037A9FED1C7AF4EEC77AF1EE49
:1092600010FA02D8144B194ADA60134BDB68124A21
:1092700053611148FEF7EAFD0F4B5B691846F7F79B
:1092800033F902460B46CDE90023114A00210020A4
:10929000FCF795FE0F4B1B6903F08003002B7FF456
:1092A000D1AE0D4B04221A6000BFBD4680BD00BF89
:1092B000FCAC0008D8390020B8370020F8010020A5
:1092C00000007A4600007A4600007AC600007AC69E
:1092D00008AD0008000800482439002080B582B09D
:1092E00002AF2B4B00221A602A4B1B682A4A00212E
:1092F0000020FCF764FE4FF47A70F7F70BFA274A68
:1093000000210020FCF75BFE37E08720F7F702FA28
:10931000234B1B6903F40043002B05D11C4B1B6836
:1093200001331B4A136016E01E4B1B6903F0400318
:10933000002B05D1164B1B68013B154A13600AE050
:10934000184B1B6903F48073002B04D1104B1B686E
:109350000A330F4A13600E4B1A680D4B1B681249F3
:10936000342000FB03F30B4404331B6800931346C3
:109370000E4A00210020FCF722FE0A4B1B6903F075
:109380008003002BC1D100BF00BFBD4680BD00BF20
:1093900038390020A039002010AD00081CAD0008AD
:1093A000000C004800080048B803002028AD000861
:1093B00080B500AF1C4BD3ED007AF5EE407AF1EEAC
:1093C00010FA2BD1194B1B680133184A1360174B45
:1093D0001B68B3F57A7F01D2002323E0134B0022F0
:1093E0001A60134A138823F002031380114B4FF0C5
:1093F0000002DA600F4BDB680F4AD3600D4B0F4A57
:109400001A600C4B1B680C4A136000F04BF80C4AB6
:1094100000210020FCF7D3FD00BFFDE7034B002235
:109420001A600023184680BDB8370020703900202C
:1094300020390020683800200C3800200000FA4550
:1094400034AD000880B485B000AF78607B6803F06D
:109450000303FB60054A0649FB6851F8233093611A
:1094600000BF1437BD465DF8047B70470008004814
:1094700048AE000880B485B000AF78607B6803F028
:109480000303FB60054A0649FB6851F823309361EA
:1094900000BF1437BD465DF8047B7047000C0048E0
:1094A00038AE000880B400AF064B4FF0F0529A611E
:1094B000054B4FF470229A6100BFBD465DF8047BF6
:1094C000704700BF00080048000C004880B500AF9E
:1094D000634B00221A60634B00221A60624B062223
:1094E0001A80624B4FF000025A61604B4FF000024D
:1094F000DA605F4A138823F0080313805C4A1388FC
:1095000023F0040313805A4A138823F020031380A6
:10951000564B00225A82574B49221A80564B002242
:109520001A60564B00221A60554B00221A60554BA8
:1095300000221A60544B00221A60544B00221A6019
:10954000534B00221A60534B00221A60524B4FF4C7
:1095500048621A60514B4FF4E1621A604F4B1B682E
:1095600007EE903AB8EE677ADFED4D6AC7EE267ADD
:109570004C4BC3ED007A4C4B42F228321A604B4BF5
:1095800000221A804A4B40F214521A60494B40F6AE
:1095900098021A60484B40F698021A60474B40F612
:1095A00034021A60464B4FF4FA621A60454B40F69B
:1095B000FC021A60444B4FF448721A60434B40F669
:1095C000C4121A60424B40F6E4421A60414B40F22A
:1095D000DC521A60404B414A1A60414B40F67822F7
:1095E0001A80404B40F6FC021A803D4B1B8807EE68
:1095F000903AF8EE677A9FED3C7A67EE877A3B4BBC
:10960000C3ED007A374B1B8807EE903AF8EE677A85
:109610009FED377A67EE877A364BC3ED007A364B8B
:1096200000221A6035494FF000024FF00003C1E9F3
:109630000023324BD3E9002310461946F6F7ACFF5E
:1096400003462F4A13602E4B1B682E4A13602E4B85
:109650004FF4E6721A602D4B00221A6000BF80BDE5
:10966000683900206C390020D8390020B837002034
:1096700020390020DA390020303900203439002028
:10968000903900209C39002094390020983900201E
:10969000703900208C39002074390020783900207E
:1096A00000000043643900207C390020D4390020B8
:1096B00080390020AC390020B0390020B4390020B6
:1096C000B8390020BC390020C8390020C439002036
:1096D000C0390020D0390020543900200000FA445D
:1096E000DC390020DE39002077CC2B3260390020B5
:1096F00095BFD6335C3900202C3900204839002032
:1097000028390020243900203C390020403900202D
:1097100008B52DED028BB0EE408A00F01BF8B4EED8
:10972000488AF1EE10FA06D6DFED098AB4EEE88A2F
:10973000F1EE10FA02D4BDEC028B08BD00F006FB7E
:1097400088EEA80ABDEC028B2123036008BD00BF90
:1097500000000000B1EEC00A704700BF002310B542
:109760000446C0E90033C0E9043383608181436665
:10977000C2818361194608225C3000F073FA0D4BF8
:1097800063620D4BA3620D4BE3620D4B23630D4BE4
:1097900024629C4206D003F16802944202D0D03386
:1097A0009C4205D104F15800BDE8104000F0F8BA21
:1097B00010BD00BF419A0008639A00089B9A0008F8
:1097C000C19A0008E0390020024A0349034800F02A
:1097D0006BB800BFC80000200DA90008D800002009
:1097E00041680C4B994210B5044601D001F08EF847
:1097F000A168094B994202D0204601F087F8E16840
:10980000064B994204D02046BDE8104001F07EB8D6
:1098100010BD00BFE0390020483A0020B03A0020D7
:109820000C4B0D4A0D4810B504211A600022FFF7B9
:1098300095FF0A4B01221C46092103F16800FFF73E
:109840008DFF04F1D0000222BDE810401221FFF785
:1098500085BF00BF183B0020C9970008E0390020F1
:10986000014800F09EBA00BF213B0020014800F0F3
:1098700099BA00BF213B002010B50446FFF7F0FF66
:10988000236A1BB1BDE81040FFF7F0BF044B236211
:10989000044B1B68002BF5D1FFF7C2FFF2E700BFB6
:1098A000E1970008183B00202DE9F8430746884659
:1098B00014460026D4E90195B9F1010905D52468BB
:1098C000002CF7D13046BDE8F883AB89012B07D9CE
:1098D000B5F90E30013303D029463846C047064358
:1098E0006835E9E70FB407B5064904AB086853F8D3
:1098F000042B8168019300F0DFFC03B05DF804EBFA
:1099000004B07047D4000020024B014618688268FA
:1099100001F081B8D4000020036A70B58468054660
:109920000E460BB9FFF7A8FF636EDB0705D4A389CA
:10993000980502D4A06D00F034FAA389190702D566
:109940002369002B35D12146284600F037F980B332
:109950004FF0FF35636EDA0705D4A3899B0502D467
:10996000A06D00F01FFA284670BD002B04DAA26932
:10997000934217DB0A2915D023685A1C22601970FC
:10998000A36816F8011F013BA3600029EDD1002B4D
:1099900011DA22460A21284600F0D2F80130D7D049
:1099A0000A25D7E72246284600F0CAF80130E7D159
:1099B000CEE7013EE4E723685A1C22600A221A70AF
:1099C000EEE70000024B01461868FFF7A5BF00BF95
:1099D000D40000200CB430B5184B0C1E1D689DB08F
:1099E00008DA8B232B604FF0FF301DB0BDE830400C
:1099F00002B070474FF40273ADF814304FF000031B
:109A00001B9314BF04F1FF332346049307934FF6CF
:109A1000FF7302900690ADF81630209A21AB02A990
:109A20002846019300F026FB431CBCBF8B232B6010
:109A3000002CDAD0029B00221A70D6E7D400002056
:109A400010B50C46B1F90E1000F05CF90028ABBF60
:109A5000636DA3891B1823F48053ACBF6365A38196
:109A600010BD2DE9F0411F468B89DB0505460C46EC
:109A7000164605D5B1F90E100223002200F030F988
:109A8000A389B4F90E1023F48053A38132463B46D8
:109A90002846BDE8F04100F047B910B50C46B1F9D1
:109AA0000E1000F01DF9B4F90C30421C0BBF23F46A
:109AB000805343F48053A381A38118BF606510BD18
:109AC000B1F90E1000F0FCB830B51446002C9BB074
:109AD00005461A4605DA8B2303604FF0FF301BB0B2
:109AE00030BD4FF40273ADF80C304FF00003199302
:109AF00014BF04F1FF332346029305934FF6FF731F
:109B000000910491ADF80E3069461E9B00F0B2FA48
:109B1000431CBCBF8B232B60002CE0D0009B002299
:109B20001A70DCE707B5009313460A46014603485E
:109B30000068FFF7C9FF03B000BD00BFD4000020DC
:109B4000F8B50E461446054618B1036A0BB9FFF77F
:109B500093FEA369A360A3891A0701D5236943B9BA
:109B60002146284600F02AF818B14FF0FF37384652
:109B7000F8BD23682269981A6369F6B283423746B2
:109B800005DC2146284600F0C1FE0028EDD1A3687F
:109B9000013BA36023685A1C22601E706269431C4B
:109BA0009A4204D0A389DB07E1D50A2EDFD12146F2
:109BB000284600F0ABFE0028D9D0D6E738B5284BB0
:109BC000054618680C4618B1036A0BB9FFF754FE36
:109BD000B4F90C301A0721D4D80607D409222A6018
:109BE00043F04003A3814FF0FF3030E0590712D516
:109BF000616B41B104F14403994202D0284600F060
:109C0000E1F8002363630022B4F90C30626022693A
:109C1000226023F0240343F00803A38122693AB9A8
:109C20009A0501D5180603D52146284600F0BAFE4C
:109C3000B4F90C3013F001020AD00022A26062696C
:109C40005242A261226942B913F08000C8D138BDE6
:109C5000990758BF6269A260F4E70020F7E700BFE8
:109C6000D400002002440346934200D1704703F819
:109C7000011BF9E710B56AB10139841810F8012BFE
:109C800011F8013F9A4203D1A04201D0002AF5D138
:109C9000D01A10BD1046FCE710B50139034632B1A9
:109CA00011F8014F03F8014B013A002CF7D11A4487
:109CB0000021934200D110BD03F8011BF9E7000019
:109CC00038B5064D0023044608462B60FAF779FAAA
:109CD000431C02D12B6803B1236038BD1C3B00201C
:109CE00038B5074D04460846114600222A601A4638
:109CF000FAF78EFA431C02D12B6803B1236038BDFA
:109D00001C3B002038B5074D04460846114600228A
:109D10002A601A46FAF71CFA431C02D12B6803B1D9
:109D2000236038BD1C3B002038B5074D044608466B
:109D3000114600222A601A46FAF727FA431C02D17C
:109D40002B6803B1236038BD1C3B0020014B186811
:109D5000704700BFD400002070B50D4B0D4D5B1B4C
:109D60009C100026A64209D100F00AFF0A4D0B4BB9
:109D70005B1B9C100026A64205D170BD55F8043B24
:109D800098470136EEE755F8043B98470136F2E76D
:109D900094AE000894AE000894AE000898AE000897
:109DA0007047704770470A44914200F1FF3300D179
:109DB000704710B511F8014B03F8014F9142F9D1EA
:109DC00010BD000038B50546002941D051F8043CCB
:109DD0000C1F002BB8BFE41800F0E0F81D4A136810
:109DE00033B9636014602846BDE8384000F0DCB841
:109DF000A34208D9206821188B4201BF19685B680B
:109E000009182160EDE71A465B680BB1A342FAD945
:109E100011685018A0420BD12068014450188342A9
:109E20001160E0D118685B68536008441060DAE79D
:109E300002D90C232B60D6E7206821188B4204BF7F
:109E400019685B68636004BF091821605460CAE741
:109E500038BD00BF283B002070B50F4E0C4631685E
:109E6000054611B900F046FE30602146284600F054
:109E700041FE431C03D14FF0FF34204670BDC41C8B
:109E800024F00304A042F8D0211A284600F032FE44
:109E90000130F2D1EFE700BF243B00202DE9F84369
:109EA000CD1C25F0030508350C2D38BF0C25002DE1
:109EB000064601DBA94204D90C2333600020BDE82B
:109EC000F883DFF8D48000F069F8D8F800301C4639
:109ED00044BB29463046FFF7BFFF431C044658D118
:109EE000D8F800402746002F43D1002C4BD02368E0
:109EF0003946304604EB030900F0FCFD814542D1B0
:109F000021686D1A29463046FFF7A6FF01303AD086
:109F100023682B442360D8F800305A6862BBC8F825
:109F200000700FE02268521B20D40B2A17D9611948
:109F3000A342256018BF5960636808BFC8F80010C5
:109F400062514B60304600F02FF804F10B00231DE6
:109F500020F00700C21A1CBF1B1AA350AFE76268AB
:109F6000A3420CBFC8F800205A60EBE723466468A0
:109F7000AEE73C467F68B6E71A465B68A342FBD172
:109F800000235360DEE70C233360304600F00CF80A
:109F900094E70560D6E700BF283B00200148FFF7A3
:109FA00000BF00BF203B00200148FFF7FBBE00BF01
:109FB000203B00202DE9F0478E681F46BE428246B6
:109FC0000C469046334653D8B1F90C0010F4906F0C
:109FD0002BD065692368096905EB4505A3EB0109E9
:109FE00005EBD5757B1C6D104B44AB422A4684BFF4
:109FF0001D462A46430527D511465046FFF74EFF1A
:10A00000064658B321694A46FFF7CDFEA38923F4DB
:10A01000906343F08003A381266165614E44A5EB04
:10A0200009052660A5603E463B461F4620683A4625
:10A03000414600F024FDA3689B1BA36023683B44BA
:10A0400023600020BDE8F087504600F063FD06461F
:10A050000028E1D121695046FFF7B4FE0C23CAF86D
:10A060000030A38943F04003A3814FF0FF30E9E7BC
:10A070003E46DBE72DE9F0471F468B891B069CB067
:10A0800006460D46144610D50B6973B94021FFF7FB
:10A0900005FF2860286130B90C2333604FF0FF3092
:10A0A0001CB0BDE8F08740236B6100230993202397
:10A0B0008DF8293003973023654F8DF82A304FF003
:10A0C00001082346994613F8012B0AB1252AF9D134
:10A0D000B9EB040A0BD05346224629463046FFF717
:10A0E00069FF013000F0A480099A5244099299F85E
:10A0F0000030002B00F09C8000234FF0FF32CDE9B0
:10A10000052309F10109049307938DF853301A933D
:10A110004C464F4814F8011B0522F6F771FA049BD0
:10A12000D0B9D80644BF20228DF85320190744BF68
:10A130002B228DF8532099F800202A2A13D0079A51
:10A140004C4600204FF00A0C214611F8013B303BF1
:10A15000092B49D968B913E0C01B08FA00F018436D
:10A160000490A146D4E7039A111D12680391002AB6
:10A1700001DB079204E0524243F00203079204938A
:10A1800023782E2B0AD163782A2B32D1039B1A1DF8
:10A190001B68039243EAE37302340593DFF8C0902F
:10A1A000217803224846F6F72BFA38B1049BA0EB3E
:10A1B00009004022824013430134049314F8011B28
:10A1C00024488DF828100622F6F71AFA002835D010
:10A1D000214818BB039B073323F00703083303937D
:10A1E000099B034409936CE70CFB02320C460120E7
:10A1F000AAE700230134059319464FF00A0C2046C4
:10A2000010F8012B303A092A03D9002BC6D005914A
:10A21000C4E70CFB012104460123F0E703AB0093E4
:10A220002A460E4B04A93046AFF30080421CD7D11A
:10A23000AB895B063FF532AF099831E703AB00937A
:10A240002A46064B04A9304600F0B8F9EEE700BFF5
:10A2500058AE000862AE000800000000B59F00087C
:10A260005EAE00089368013B002B10B4936008DADF
:10A270009469A34201DB0A2903D15DF8044BFFF77F
:10A280005FBC1368581C1060197008465DF8044BD9
:10A290007047F8B506460F461446D518AC4201D1B2
:10A2A000002007E014F8011B3A463046FFF7DAFFBA
:10A2B000431CF3D1F8BD00002DE9F0470D469CB0DA
:10A2C00014461F46064618B1036A0BB9FFF7D4FAC5
:10A2D0006B6ED90705D4AB899A0502D4A86DFFF738
:10A2E00060FDAB891B0701D52B699BB92946304618
:10A2F000FFF764FC70B16B6EDC0704D54FF0FF30E4
:10A300001CB0BDE8F087AB899805F7D4A86DFFF7BE
:10A3100049FDF3E70023099320238DF829300397A3
:10A3200030236A4F8DF82A304FF0010823469946B2
:10A3300013F8012B0AB1252AF9D1B9EB040A0BD085
:10A340005346224629463046FFF7A3FF013000F06E
:10A35000A480099A5244099299F80030002B00F029
:10A360009C8000234FF0FF32CDE9052309F101095C
:10A37000049307938DF853301A934C46534814F8BE
:10A38000011B0522F6F73CF9049BD0B9D90644BF5E
:10A3900020228DF853201A0744BF2B228DF853201A
:10A3A00099F800202A2A13D0079A4C4600204FF033
:10A3B0000A0C214611F8013B303B092B49D968B9F9
:10A3C00013E0C01B08FA00F018430490A146D4E73C
:10A3D000039A111D12680391002A01DB079204E021
:10A3E000524243F002030792049323782E2B0AD1A2
:10A3F00063782A2B32D1039B1A1D1B68039243EA10
:10A40000E37302340593DFF8D490217803224846A1
:10A41000F6F7F6F838B1049BA0EB09004022824021
:10A4200013430134049314F8011B29488DF82810B4
:10A430000622F6F7E5F800283ED0264818BB039B15
:10A44000073323F0070308330393099B034409935D
:10A450006CE70CFB02320C460120AAE70023013412
:10A46000059319464FF00A0C204610F8012B303A9C
:10A47000092A03D9002BC6D00591C4E70CFB0121A2
:10A4800004460123F0E703AB00932A46124B04A9CC
:10A490003046AFF30080431CD7D16B6ED90705D48B
:10A4A000AB899A0502D4A86DFFF77CFCAB895B06EB
:10A4B0003FF524AF099823E703AB00932A46064BE8
:10A4C00004A9304600F07AF8E5E700BF58AE00086E
:10A4D00062AE00080000000093A200085EAE000813
:10A4E0002DE9F047164698468A680B69DDF82090FA
:10A4F0009342B8BF1346336091F8432007460C4699
:10A500000AB1013333602368990642BF33680233CE
:10A510003360256815F0060506D104F1190AE368D1
:10A5200032689B1AAB4226DC94F843302268003B29
:10A5300018BF012392062BD404F14302414638464A
:10A54000C84701301ED02368226903F00603042B9C
:10A5500002BFE5683368ED1AA3680CBF25EAE5750C
:10A5600000259342C4BF9B1AED1800261A34B54249
:10A570001AD1002008E00123524641463846C84718
:10A58000013003D14FF0FF30BDE8F0870135C6E759
:10A59000E1185A1C302081F84300224494F84510F9
:10A5A00082F843100233C7E701232246414638466A
:10A5B000C8470130E6D00136D9E700002DE9F04365
:10A5C0000D7E85B0782D90460C9E07460C46994628
:10A5D00001F1430207D8622D0AD8002D00F0D78080
:10A5E000582D00F0BC8004F1420684F842503BE054
:10A5F000A5F16303152BF6D801A151F823F000BF94
:10A6000059A600086DA60008E7A50008E7A5000800
:10A61000E7A50008E7A500086DA60008E7A5000863
:10A62000E7A50008E7A50008E7A5000875A700084A
:10A6300097A6000827A70008E7A50008E7A50008D7
:10A6400097A70008E7A5000897A60008E7A5000857
:10A65000E7A500082FA7000833681A1D1B683260A1
:10A6600004F1420684F842300123A1E033682068F7
:10A67000191D3160060601D51D6803E04506FBD5AE
:10A68000B3F90050002D03DA2D236D4284F84330D6
:10A690005B480A2311E021683368080653F8045B1D
:10A6A00002D4490648BFADB23360237E54486F2BB5
:10A6B0005CD10823002184F843106668A660002E50
:10A6C00005DB21682E4321F00401216050D016469D
:10A6D000B5FBF3F103FB115C10F80CC006F801CDDB
:10A6E000AC4663450D46F3D9082B0BD12368DB0735
:10A6F00008D5236961689942DEBF302306F8013C22
:10A7000006F1FF36921B2261CDF80090434603AA62
:10A7100021463846FFF7E4FE01304ED14FF0FF30BE
:10A7200005B0BDE8F083236843F02003236035487B
:10A73000782584F845502368316813F0800F51F86C
:10A74000045B03D113F0400F18BFADB23160D907DD
:10A7500044BF43F0200323601DB11023AAE728481B
:10A76000E7E7236823F020032360F6E70A23A1E745
:10A770001646B9E7336825686169181D30602E06F2
:10A780001B6801D5196002E06806FBD5198000231B
:10A7900023611646B8E733681A1D32601E68626886
:10A7A00000213046F5F72CFF08B1801B606063681C
:10A7B0002361002384F84330A6E7236932464146EB
:10A7C0003846C8470130A9D023689B0713D4E068F6
:10A7D000039B9842B8BF1846A2E701233246414680
:10A7E0003846C847013099D00135E36803995B1AB0
:10A7F000AB42F2DCEBE7002504F11906F5E700BFF8
:10A8000069AE00087AAE0008B1F90C202DE9F041DC
:10A81000160705460C4651D44B68002B02DC0B6C26
:10A82000002B49DDE66A002E46D0002312F4805248
:10A830002F682B6031D0626DA389590705D56368F5
:10A84000D21A636B0BB1236CD21A0023E66A216A19
:10A850002846B047421CB4F90C3006D129681D299E
:10A8600046D8294ACA40D60742D500226260D90498
:10A870002269226004D5421C01D12B6803B96065AE
:10A88000616B2F60C1B104F14403994202D02846A4
:10A89000FFF798FA002363630EE0216A012328463C
:10A8A000B0470246501CC7D12B68002BC4D01D2BCB
:10A8B00001D0162B1AD12F6000201EE00F69002F47
:10A8C000FAD093070E6808BF4B690F6018BF0023CA
:10A8D000A6EB07088B60B8F1000FEDDD216AA66AD0
:10A8E00043463A462846B047002808DCB4F90C3005
:10A8F00043F04003A3814FF0FF30BDE8F0810744EF
:10A90000A8EB0008E7E700BF0100402038B50B695D
:10A9100005460C4613B90025284638BD18B1036A10
:10A920000BB9FEF7A9FFB4F90C30002BF3D0626E1F
:10A93000D00704D4990502D4A06DFFF732FA284657
:10A940002146FFF761FF636EDA070546E4D4A38969
:10A950009B05E1D4A06DFFF725FADDE770B50C4645
:10A96000B1F90E10002996B015461E460ADAA189E3
:10A9700011F0800113D14FF48062002031602A6011
:10A9800016B070BD6A4600F093F80028EFDB01991D
:10A9900001F47041A1F5005359425941EBE7002100
:10A9A0004022EAE78B8973B59E0705460C4607D51A
:10A9B00004F14703236023610123636102B070BD8A
:10A9C00001AB6A46FFF7CAFF009E28463146FFF7F3
:10A9D00065FAB4F90C3038B99A05EFD423F00303C3
:10A9E00043F00203A381E3E743F08003A381019BCB
:10A9F0002060C4E90406002BE0D0B4F90E1028460C
:10AA000000F068F80028D9D0A38923F0030343F0AD
:10AA10000103A381D2E770B50D461446064618B16E
:10AA2000036A0BB9FEF728FF636ED80705D4A38924
:10AA3000990502D4A06DFFF7B4F9A368013B002B80
:10AA4000A36005DAA269934212DBEBB20A2B0FD0A6
:10AA500023685A1C22601D70EDB2636EDA0705D4BC
:10AA6000A3899B0502D4A06DFFF79CF9284670BD11
:10AA7000294622463046FFF763F80546EDE788424F
:10AA800010B501EB020402D98442234607D8431EC5
:10AA9000A14207D011F8012B03F8012FF8E7024477
:10AAA000824200D110BD13F8011D02F8011DF7E725
:10AAB00038B5074D00230446084611462B60F9F7C8
:10AAC0008CFB431C02D12B6803B1236038BD00BF4F
:10AAD0001C3B002038B5064D0023044608462B6079
:10AAE000F9F78BFB431C02D12B6803B1236038BDFF
:10AAF0001C3B002038B5064D0023044608462B6059
:10AB0000F9F7F0FA431C02D12B6803B1236038BD7A
:10AB10001C3B00202DE9F041074614460D4621B9A3
:10AB2000BDE8F0411146FFF7B9B92AB9FFF74AF974
:10AB300025462846BDE8F08100F01AF88442064612
:10AB400002D8B4EB500FF4D821463846FFF7A6F9E7
:10AB5000804608B94546ECE7B4422246294628BF5C
:10AB60003246FFF720F929463846FFF72BF9F1E77F
:10AB700051F8043C181F002BBCBF0B58C01870477D
:10AB8000F8B500BFF8BC08BC9E467047F8B500BFDA
:08AB9000F8BC08BC9E467047AA
:10AB980048656C6C6F205553415254310D000000CC
:10ABA8005F205F474F5F205F0000000020202020CB
:10ABB80020202020000000000000000053454E53D4
:10ABC8004F5200004D4F544F520000005241434530
:10ABD8000000000025732047524F55500000000028
:10ABE800257300003E202573203C00004544413A6F
:10ABF800256C75004143433D256C75004844413D33
:10AC0800253475004844443D25347500444953545F
:10AC18003D25750056454C3D256C75005B4F4C45F0
:10AC28004425755D2025730A000000005B4F4C45E4
:10AC3800445D2073657269616C2066616C6C626149
:10AC4800636B206163746976652C20686172647730
:10AC58006172653D25750A005B53454E3132375D9B
:10AC680020000000253364005F205F474F5F205FAE
:10AC7800000000005F5F454E445F5F5F000000001A
:10AC88004D41524B3A2575005F5F534156455F5F12
:10AC980000000000543A25332E3266002020202080
:10ACA800202020200000000020454E445F4F4E2009
:10ACB80000000000543A25332E326600326E6420BC
:10ACC80020454E44000000005325643A25346400B2
:10ACD8004C4F4144494E475F000000005365745F84
:10ACE8004D41585F000000005365745F4D494E5F49
:10ACF80000000000504F53434845434B00000000FC
:10AD0800503A25362E3066004D41524B3A256C6438
:10AD1800000000002020202020202020000000002B
:10AD28005425643A25336C75000000004C696E6543
:10AD3800204F7574000000000000000000000000B3
:10AD480001020304060708090000000001020304C9
:10AD580001000000020000000400000006000000DE
:10AD6800080000000A0000000C00000010000000AD
:10AD780020000000400000008000000000010000EA
:10AD880000010000000100000001000000010000B7
:10AD98000000000004040404383800000000080023
:10ADA800000008000008000005050300000800482E
:10ADB8000040000000080000000800480080000073
:10ADC800010900000014004800020000020A000007
:10ADD8000014004800040000030B000000140048A1
:10ADE80002000000040C00000008004801000000F8
:10ADF800050D00000008004802000000060E0000D3
:10AE08000008004804000000070F000001000300CC
:10AE180007000F001F003F007F00FF00FF01FF0336
:10AE2800FF07FF0FFF1FFF3FFF7FFFFF000000002E
:10AE38000600090005000A00090006000A000500CE
:10AE4800000C0012000A00140012000C0014000A82
:10AE5800232D302B2000686C4C00656667454647FB
:10AE6800003031323334353637383941424344457E
:10AE780046003031323334353637383961626364ED
:04AE880065660000FB
:08AE8C005C57FF7F010000008C
:04AE940005020008AB
:04AE9800E1010008CC
:10AE9C000024F4004D41585F4D494E5F005F5F3414
:10AEAC003039355F5F0053454E5F3132375F0050AC
:10AEBC004F53434845434B005455524E4D41524B12
:10AECC00005365745F56454C4F005365745F4143A6
:10AEDC00435F00454E445F4143435F0048414E444D
:10AEEC005F4143430048414E445F44454300317346
:10AEFC00745F5241434500326E645F5241434500DA
:10AF0C005455524E444953540000000000000000B8
:10AF1C00000000000000000000000000098E000886
:10AF2C00418C0008B58F000825900008DD920008C0
:10AF3C000957000839540008915300082D55000892
:10AF4C00D1550008616C0008814200088156000848
:10AF5C0000000000000000000000000003000000E2
:10AF6C00E0390020D800002000000000E03900206B
:10AF7C00483A0020B03A0020000000000000000019
:10AF8C0000000000000000000000000000000000B5
:10AF9C0000000000000000000000000000000000A5
:10AFAC000000000000000000000000000000000095
:04AFBC000000000091
:040000050800422D80
:00000001FF
